transaction_id,sender,receiver,amount,currency,country,channel,status,timestamp
TXN_9094443,Mary Adetokunbo,Faith Obi,1997739.09,NGN,Nigeria,bank transfer,success,2024-11-24 15:09:50.529137
TXN_1279716,Charity Oyekan,Joy Ogunleye,13272337.8,USD,United States,card,success,2026-09-18 17:19:48.695057
TXN_4783159,Nathaniel Oyekan,Agnes Chukwu,7921889.07,USD,United States,card,success,2025-09-15 19:24:43.025651
TXN_2335155,Grace Obasanjo,Emmanuel Abiola,10463737.7,KES,Kenya,card,success,2025-12-24 22:11:47.061015
TXN_8838582,Joseph Ibrahim,Esther Adeyemi,3669214.95,GHS,Ghana,mobile money,pending,2024-10-22 00:10:37.931435
TXN_3125229,Mark Oshodi,Sarah Abiola,10939365.41,ZAR,South Africa,card,pending,2024-11-02 05:08:49.571538
TXN_7042079,Cornelius Ojo,Benjamin Olawale,15416237.44,ZAR,South Africa,bank transfer,failed,2025-06-08 02:15:56.243190
TXN_1914790,John Olawale,Joy Ekwueme,15082855.14,GHS,Ghana,mobile money,pending,2025-04-05 06:15:51.101590
TXN_7269065,Peter Eze,Hope Oshodi,2125168.18,ZAR,South Africa,card,pending,2025-02-25 12:21:32.418118
TXN_2758934,Cornelius Adeyemi,Simon Ekwueme,15483722.68,ZAR,United States,mobile money,failed,2025-02-28 07:56:52.630600
TXN_7547568,Sarah Uche,Paul Obi,2886424.09,GHS,Ghana,bank transfer,success,2026-01-10 02:19:55.920849
TXN_5132039,Paul Chukwu,Stephen Okonkwo,19251120.56,KES,Kenya,card,pending,2024-12-19 03:53:55.000625
TXN_1585901,Grace Balogun,Victoria Ogunleye,12879550.57,NGN,Nigeria,mobile money,success,2026-06-20 23:31:02.389930
TXN_7079832,Joshua Eze,Paul Obasanjo,5069265.58,KES,Kenya,card,pending,2026-07-27 23:11:12.048303
TXN_1705879,Joy Ekwueme,Mary Ibrahim,12474508.14,GHS,Ghana,mobile money,failed,2026-01-20 18:01:20.657745
TXN_5793911,David Adeyemi,Andrew Ogunleye,16400588.99,GHS,Ghana,card,pending,2024-11-29 19:50:46.464411
TXN_8249583,Benjamin Oyekan,Deborah Adetokunbo,1621458.92,KES,Kenya,mobile money,failed,2026-08-17 23:12:03.027394
TXN_8659954,Patience Uche,Blessing Adetokunbo,4925763.91,ZAR,South Africa,bank transfer,success,2026-04-16 01:26:59.646157
TXN_4729584,Angela Oyekan,Peace Abiola,1969900.09,KES,Kenya,bank transfer,failed,2024-11-16 04:44:44.084932
TXN_7694867,Andrew Adetokunbo,Simon Okonkwo,3032194.76,NGN,South Africa,mobile money,pending,2025-03-27 18:32:46.346845
TXN_8224936,Grace Ogunleye,Sarah Adeyemi,10255345.21,USD,Kenya,mobile money,success,2025-06-06 04:48:03.247066
TXN_7114124,Grace Uche,Philip Okafor,19038246.49,KES,South Africa,mobile money,success,2025-01-05 08:22:20.035196
TXN_5025744,David Chukwu,Andrew Ojo,10079878.27,ZAR,Nigeria,mobile money,failed,2025-07-21 08:42:23.503352
TXN_6782492,Mark Chukwu,Philip Oshodi,8768393.3,KES,Ghana,mobile money,success,2025-11-03 10:39:51.251535
TXN_8741850,Emmanuel Ekwueme,Samuel Eze,18396449.19,KES,Kenya,bank transfer,failed,2024-10-24 14:35:16.982155
TXN_9185214,Joseph Uche,Patience Balogun,14005029.14,ZAR,South Africa,mobile money,pending,2026-01-28 14:01:00.323942
TXN_9447123,Charity Okonkwo,Simon Olawale,15987997.3,GHS,Ghana,mobile money,failed,2025-11-15 12:39:55.721959
TXN_8569867,Juliet Chukwu,Juliet Adeyemi,5032164.92,ZAR,South Africa,bank transfer,pending,2026-08-12 20:34:21.054669
TXN_1492736,Patience Nnamani,Cornelius Abiola,18196773.23,ZAR,South Africa,mobile money,pending,2025-04-05 10:59:32.883234
TXN_3635196,Mark Olawale,Angela Obasanjo,11426259.4,USD,United States,bank transfer,success,2026-09-11 08:03:41.654769
TXN_2150404,Blessing Olawale,Gabriel Abiola,8269292.24,ZAR,South Africa,mobile money,pending,2025-09-29 19:57:03.293442
TXN_3364322,Peace Chukwu,Benjamin Akinwale,3274456.43,ZAR,South Africa,card,failed,2025-07-09 14:42:12.797515
TXN_8643844,Agnes Abiola,Mark Eze,17376730.27,USD,Kenya,bank transfer,success,2025-12-27 04:50:41.462645
TXN_6745619,Benjamin Adetokunbo,Faith Ekwueme,12257237.97,NGN,Ghana,mobile money,success,2026-06-12 16:45:17.370713
TXN_5065200,Deborah Oyekan,Simon Okonkwo,6400605.21,USD,Ghana,mobile money,success,2026-06-01 13:57:07.765703
TXN_6560900,Angela Okonkwo,Stephen Okafor,11080852.14,GHS,Ghana,mobile money,pending,2025-03-19 04:24:26.585063
TXN_4405281,Faith Obi,Joshua Adetokunbo,10859654.76,ZAR,South Africa,bank transfer,pending,2026-05-08 22:20:50.037675
TXN_6366693,Deborah Uche,Angela Akinwale,19686347.61,NGN,Nigeria,card,failed,2025-11-12 06:59:30.487220
TXN_7610947,Esther Oyekan,Joseph Oyekan,11058664.81,NGN,Kenya,bank transfer,failed,2026-07-21 19:06:44.875419
TXN_8322667,Juliet Adetokunbo,Mary Okonkwo,5899965.89,KES,Kenya,card,success,2025-04-20 00:56:26.982181
TXN_6370335,Faith Ojo,Andrew Adetokunbo,9743294.8,NGN,Nigeria,mobile money,success,2024-12-18 18:12:15.699408
TXN_4095200,Samuel Adeyemi,Gloria Adeyemi,5328763.14,GHS,Ghana,bank transfer,failed,2025-10-16 05:00:31.427841
TXN_6715289,Benjamin Obi,Comfort Okafor,11738417.63,USD,South Africa,bank transfer,pending,2026-01-03 06:44:27.454605
TXN_2063940,Charity Uche,Joseph Chukwu,8276795.97,NGN,Kenya,card,success,2026-05-04 23:37:34.035495
TXN_4766565,Joseph Ogunleye,John Adeyemi,12737548.06,NGN,Nigeria,mobile money,pending,2025-01-25 06:15:09.047488
TXN_3774116,Gabriel Eze,Peter Chukwu,9978864.69,NGN,Nigeria,card,failed,2026-03-31 14:02:36.348314
TXN_6931062,David Uche,Simon Okafor,18477816.13,KES,United States,bank transfer,failed,2024-09-26 04:50:52.610515
TXN_3205466,Comfort Ekwueme,Simon Eze,17435586.79,KES,Kenya,mobile money,pending,2026-08-03 11:19:29.869599
TXN_8163455,Benjamin Obi,Andrew Eze,1509657.54,NGN,Nigeria,mobile money,pending,2026-04-19 06:59:31.137063
TXN_3818700,Sarah Abiola,Mary Nnamani,2792587.46,NGN,Nigeria,card,failed,2024-11-11 12:47:07.650935
TXN_2843798,Philip Okonkwo,Esther Olawale,19314102.03,KES,Kenya,mobile money,success,2025-07-21 08:42:07.214983
TXN_1074879,Comfort Oyekan,James Nnamani,4858824.7,ZAR,South Africa,card,success,2024-10-31 03:11:08.244516
TXN_5467236,Stephen Chukwu,Simon Olawale,6040313.74,NGN,United States,mobile money,success,2025-03-09 09:09:23.305766
TXN_4680051,Philip Oyekan,Cornelius Uche,18226386.72,KES,Kenya,bank transfer,pending,2026-08-15 02:32:01.925006
TXN_7722253,Andrew Nnamani,Simon Adeyemi,9371276.26,ZAR,United States,mobile money,success,2024-09-20 06:00:12.789978
TXN_1593090,Blessing Chukwu,James Ojo,1557234.41,ZAR,South Africa,bank transfer,success,2026-07-19 00:53:26.937461
TXN_6099933,Joshua Oshodi,Juliet Obi,2863078.86,NGN,Nigeria,mobile money,failed,2026-08-01 15:28:38.461777
TXN_7870647,Comfort Chukwu,Grace Obasanjo,1874747.93,ZAR,South Africa,mobile money,success,2025-06-02 11:10:46.231973
TXN_2536295,Hope Eze,Juliet Okafor,6986043.91,KES,Kenya,bank transfer,failed,2025-05-08 15:54:11.076868
TXN_2706027,Simon Adetokunbo,Hope Ojo,3841395.5,ZAR,Kenya,mobile money,failed,2026-07-28 01:30:18.164380
TXN_7180818,Samuel Ojo,Paul Balogun,6087323.2,GHS,Ghana,bank transfer,success,2024-09-19 20:05:56.779860
TXN_7804328,Paul Ekwueme,Simon Uche,11437443.11,NGN,Nigeria,bank transfer,failed,2025-07-12 04:19:29.266297
TXN_8673558,Joseph Ekwueme,Nathaniel Obasanjo,1051406.02,KES,Kenya,card,success,2025-07-01 13:03:54.459776
TXN_5727945,Esther Chukwu,Nathaniel Obasanjo,17566164.14,USD,Ghana,card,success,2024-10-11 00:06:04.128074
TXN_2307535,Sarah Okafor,Patience Eze,4653769.02,NGN,United States,mobile money,pending,2025-10-09 09:32:32.794240
TXN_9895688,Mary Obasanjo,Charity Okafor,11411933.35,ZAR,South Africa,card,success,2025-12-22 16:34:48.432975
TXN_6880770,Hope Ojo,Patience Ojo,18691172.82,USD,United States,card,failed,2026-05-14 07:01:52.446490
TXN_3114612,Nathaniel Uche,Agnes Okafor,6612495.18,KES,Kenya,mobile money,success,2025-07-30 16:40:21.740393
TXN_1544400,Samuel Nnamani,Blessing Akinwale,9444516.44,KES,Kenya,mobile money,failed,2026-02-06 13:20:01.195749
TXN_9922340,Peter Oshodi,Hope Chukwu,2877222.82,NGN,South Africa,bank transfer,success,2026-06-07 12:27:51.256140
TXN_8385002,Hope Adeyemi,Elizabeth Adeyemi,1137394.57,USD,Kenya,bank transfer,pending,2026-01-08 10:24:39.843392
TXN_4579289,Hope Ekwueme,Esther Oshodi,19826911.36,USD,United States,mobile money,success,2026-08-16 22:52:37.834119
TXN_6881754,Angela Oyekan,Hope Balogun,16521669.62,ZAR,Ghana,card,failed,2025-03-28 13:20:13.109184
TXN_8850701,Elizabeth Ibrahim,John Eze,7911563.81,GHS,Kenya,card,failed,2025-12-31 10:10:40.329043
TXN_1615181,Paul Adeyemi,Hope Okonkwo,3091939.74,USD,United States,mobile money,success,2026-06-22 20:31:39.041409
TXN_6576531,Gabriel Ojo,Stephen Ibrahim,896788.15,KES,Kenya,mobile money,pending,2026-08-16 06:19:16.396962
TXN_9700190,Hope Abiola,John Eze,13701630.24,ZAR,South Africa,bank transfer,success,2025-12-29 14:17:16.903029
TXN_2484126,Esther Ekwueme,Patience Ibrahim,15519490.9,GHS,Ghana,bank transfer,success,2024-10-11 12:35:42.674732
TXN_3759704,Grace Okafor,Joy Adetokunbo,13172452.2,GHS,Ghana,card,success,2026-02-08 21:28:04.822931
TXN_6417222,Juliet Ibrahim,Michael Abiola,19307300.25,ZAR,Kenya,mobile money,success,2025-01-12 16:36:02.694831
TXN_1671211,Cornelius Ogunleye,Philip Ojo,18805155.81,ZAR,Kenya,bank transfer,pending,2026-06-16 13:25:31.718461
TXN_1889294,Samuel Eze,Joseph Okonkwo,19229012.72,KES,Kenya,card,failed,2025-06-19 00:08:09.979189
TXN_5180578,Esther Abiola,Peace Chukwu,19771295.49,GHS,Ghana,mobile money,success,2024-09-27 23:47:08.821271
TXN_3494113,Esther Balogun,Mark Okonkwo,11052363.48,ZAR,South Africa,mobile money,success,2025-03-01 10:39:26.511466
TXN_1706148,Victoria Chukwu,Philip Akinwale,2029852.05,NGN,Nigeria,mobile money,pending,2026-07-02 19:27:56.271335
TXN_4177580,Daniel Obi,Joy Obi,6142574.94,USD,Kenya,bank transfer,pending,2026-01-18 20:35:03.887372
TXN_9880171,Cornelius Akinwale,Agnes Uche,18385294.32,GHS,Ghana,card,success,2025-09-29 19:23:08.197571
TXN_5574699,David Adetokunbo,John Nnamani,14454907.26,NGN,Nigeria,bank transfer,success,2025-01-22 14:21:38.646165
TXN_9589983,Comfort Nnamani,Patience Akinwale,17042658.92,NGN,Nigeria,bank transfer,failed,2025-11-23 14:21:32.056124
TXN_4478169,Mary Adetokunbo,Andrew Olawale,9903485.21,NGN,Nigeria,card,failed,2025-04-01 18:57:31.698833
TXN_6361567,Faith Okafor,Benjamin Adeyemi,16037676.04,KES,South Africa,card,success,2025-03-10 04:48:33.090587
TXN_3546844,Victoria Akinwale,Elizabeth Adeyemi,7913036.14,KES,United States,card,success,2026-03-18 18:08:45.762498
TXN_9358615,Grace Akinwale,Esther Ibrahim,2287784.44,KES,Kenya,card,failed,2025-04-03 10:56:11.603434
TXN_2302912,Comfort Okafor,Cornelius Adetokunbo,1797288.42,NGN,Nigeria,mobile money,failed,2024-11-07 20:26:34.416407
TXN_9058935,Simon Okafor,Comfort Akinwale,3363180.72,USD,United States,mobile money,failed,2024-11-03 00:30:16.722591
TXN_8521733,Comfort Abiola,Joseph Balogun,815368.41,NGN,Ghana,card,success,2024-10-27 02:06:20.669635
TXN_7588340,Blessing Adetokunbo,Gabriel Nnamani,13400815.21,KES,South Africa,card,pending,2025-02-23 00:41:13.050742
TXN_9814959,Esther Obi,Gloria Balogun,13786451.18,KES,Kenya,mobile money,success,2024-11-10 01:06:38.828985
TXN_5216086,Peter Olawale,Joshua Okafor,8535676.74,KES,Kenya,bank transfer,failed,2026-07-14 07:56:44.676200
TXN_3006589,Ruth Okafor,Joseph Olawale,16042562.95,NGN,Nigeria,mobile money,failed,2026-04-12 23:43:17.509273
TXN_3258151,Joshua Nnamani,Faith Adeyemi,7451666.16,GHS,Ghana,bank transfer,failed,2025-11-23 19:51:27.386094
TXN_2595060,Nathaniel Chukwu,John Akinwale,5383282.77,KES,Kenya,mobile money,pending,2026-04-29 01:05:59.940970
TXN_3274176,Gloria Eze,David Balogun,14049754.53,KES,Kenya,mobile money,success,2025-12-25 07:17:13.835722
TXN_6128983,Agnes Nnamani,Juliet Ekwueme,8777192.21,KES,Kenya,mobile money,success,2025-05-22 03:04:19.660383
TXN_9841099,Joseph Obasanjo,Sarah Ekwueme,2986087.61,ZAR,South Africa,card,success,2025-03-11 10:45:16.777554
TXN_4014901,Agnes Abiola,Grace Chukwu,3385995.08,KES,Kenya,mobile money,failed,2025-03-21 12:30:25.769033
TXN_7098859,Benjamin Okonkwo,Benjamin Okonkwo,13126924.48,ZAR,South Africa,bank transfer,success,2025-01-29 10:44:50.842454
TXN_6152019,James Balogun,David Ojo,17080347.71,NGN,Nigeria,bank transfer,failed,2026-08-28 01:50:52.527583
TXN_4323695,Grace Abiola,John Obasanjo,51114.76,GHS,Nigeria,mobile money,failed,2026-01-14 10:54:51.046564
TXN_4241383,Mark Ibrahim,Deborah Obi,2154844.6,NGN,Nigeria,card,pending,2026-07-15 22:33:33.486498
TXN_9799169,Benjamin Ogunleye,Paul Olawale,11369484.6,GHS,Ghana,card,failed,2025-03-26 23:42:01.718874
TXN_4153689,Daniel Okafor,Charity Oshodi,16713463.19,ZAR,United States,mobile money,success,2025-07-20 18:03:31.574598
TXN_5960113,Joy Okonkwo,Emmanuel Ojo,15532497.95,USD,United States,mobile money,pending,2024-10-11 18:34:52.697831
TXN_8978765,Elizabeth Balogun,Emmanuel Ogunleye,2749327.76,NGN,Nigeria,mobile money,pending,2025-06-18 23:01:45.354965
TXN_1680600,Samuel Oyekan,Agnes Ekwueme,18588643.43,GHS,Ghana,bank transfer,failed,2025-08-03 01:37:28.725385
TXN_5803550,Joy Nnamani,Elizabeth Akinwale,17781535.66,USD,Kenya,card,failed,2025-06-30 22:56:56.049587
TXN_2748886,Juliet Abiola,Elizabeth Okonkwo,3381579.87,KES,Kenya,mobile money,pending,2024-11-03 19:50:33.159676
TXN_2152225,Paul Eze,Patience Ogunleye,13575683.15,KES,Kenya,mobile money,success,2024-12-14 19:00:46.077887
TXN_6932713,Mark Chukwu,Mark Nnamani,14800897.15,GHS,Ghana,card,success,2026-07-07 10:16:07.289715
TXN_6473069,Faith Akinwale,Andrew Abiola,10566896.51,NGN,Nigeria,bank transfer,failed,2026-08-24 04:11:15.259441
TXN_2359847,Peace Adeyemi,Blessing Abiola,3118599.19,GHS,Ghana,card,pending,2025-12-08 12:18:15.305381
TXN_9002888,David Ibrahim,Esther Abiola,18108701.47,GHS,Ghana,mobile money,success,2025-05-25 02:14:32.605163
TXN_1793479,James Akinwale,Andrew Ibrahim,622267.62,ZAR,South Africa,card,success,2025-01-20 19:25:07.066011
TXN_9354257,Peace Okafor,James Ibrahim,10588685.15,USD,United States,card,failed,2024-11-13 20:59:20.931590
TXN_3151861,Stephen Ogunleye,Joy Ekwueme,10675875.25,USD,Kenya,mobile money,pending,2026-08-16 02:46:44.182691
TXN_9946403,Joshua Olawale,Mark Uche,16969186.9,ZAR,South Africa,card,failed,2024-10-10 22:56:02.359813
TXN_1355369,Mark Adeyemi,Victoria Okafor,4606091.81,ZAR,South Africa,mobile money,pending,2025-10-08 18:46:02.795066
TXN_5517259,Samuel Obasanjo,Daniel Adetokunbo,8786983.6,KES,Kenya,card,success,2025-09-17 10:43:27.951788
TXN_5301318,Gloria Ojo,Gloria Eze,15672290.7,GHS,Kenya,card,pending,2026-03-26 02:17:31.594545
TXN_9076846,Joshua Okonkwo,Samuel Ekwueme,14723853.8,GHS,Ghana,card,success,2025-02-19 23:13:15.352344
TXN_7835493,Sarah Ojo,Joshua Eze,1120924.12,KES,Kenya,bank transfer,pending,2025-03-11 01:51:28.830622
TXN_1361331,Patience Akinwale,Peace Okonkwo,14362662.36,NGN,Ghana,mobile money,failed,2025-07-07 08:04:27.633026
TXN_7913987,Ruth Ekwueme,Nathaniel Ojo,10618732.53,KES,South Africa,card,success,2025-07-17 05:17:07.335436
TXN_9857643,Ruth Ogunleye,Samuel Adeyemi,1055338.76,NGN,Kenya,mobile money,pending,2025-09-25 19:41:47.466346
TXN_8406970,Deborah Ibrahim,Samuel Balogun,17025685.95,KES,Kenya,bank transfer,success,2025-12-20 16:30:27.652503
TXN_4133178,Joy Adetokunbo,Gloria Ekwueme,5395593.35,KES,Kenya,mobile money,pending,2024-10-27 03:33:20.522327
TXN_3782021,Daniel Ojo,Hope Ogunleye,19879511.9,KES,Kenya,bank transfer,success,2025-01-13 10:35:27.156397
TXN_5355721,John Eze,Sarah Balogun,15089894.54,USD,Kenya,card,pending,2026-03-22 16:35:01.624786
TXN_5887264,Paul Abiola,Benjamin Balogun,6838115.23,USD,United States,mobile money,success,2025-07-15 09:58:36.881660
TXN_1561881,Gabriel Obasanjo,Paul Adetokunbo,9219576.61,USD,United States,card,pending,2026-08-19 14:38:39.348060
TXN_5631846,Angela Ogunleye,Angela Balogun,11271234.34,USD,United States,card,failed,2024-11-23 05:20:44.130919
TXN_2938266,Emmanuel Balogun,Simon Olawale,19315954.52,KES,Kenya,bank transfer,success,2025-06-20 02:18:21.965974
TXN_1342532,Joy Nnamani,Charity Nnamani,2601633.45,NGN,Nigeria,mobile money,pending,2026-03-06 09:56:43.665839
TXN_2070605,Mark Ogunleye,Andrew Okonkwo,17452904.58,USD,United States,card,pending,2025-06-11 10:50:45.582636
TXN_4950398,Sarah Adetokunbo,Blessing Okafor,16431945.88,KES,Kenya,bank transfer,failed,2025-01-30 15:41:29.316788
TXN_4134668,Peter Ogunleye,Charity Oyekan,2772518.99,NGN,South Africa,card,success,2025-01-31 05:45:36.401161
TXN_9375559,Deborah Abiola,Samuel Okonkwo,16930135.83,ZAR,Ghana,mobile money,failed,2026-01-14 20:16:45.123151
TXN_4611880,Hope Akinwale,John Ojo,18066372.04,NGN,Ghana,mobile money,failed,2025-10-11 15:58:27.324084
TXN_3183850,Joy Oyekan,Ruth Oshodi,17006253.46,GHS,Ghana,bank transfer,success,2024-10-19 04:31:35.463673
TXN_8818647,Philip Adeyemi,Elizabeth Ekwueme,355661.26,GHS,Ghana,card,success,2026-02-06 01:59:20.191777
TXN_8922425,Agnes Adetokunbo,Agnes Oyekan,3998770.42,KES,Kenya,card,pending,2025-08-06 14:51:40.719962
TXN_8446885,Andrew Adeyemi,Daniel Nnamani,2148208.41,KES,Ghana,card,success,2026-07-10 10:09:32.059975
TXN_7516766,Ruth Okonkwo,Hope Balogun,10532249.87,NGN,Nigeria,bank transfer,pending,2026-06-28 10:16:15.359721
TXN_7405029,Philip Okonkwo,Simon Olawale,1492775.68,ZAR,South Africa,bank transfer,success,2026-03-20 21:43:53.949845
TXN_5213502,Nathaniel Nnamani,Daniel Abiola,7154142.82,USD,United States,bank transfer,failed,2025-10-13 00:25:27.659583
TXN_7226916,Cornelius Chukwu,Angela Ojo,15427944.61,GHS,United States,bank transfer,pending,2025-12-15 08:35:23.503348
TXN_5629189,Blessing Okafor,David Ibrahim,13102700.99,NGN,Nigeria,bank transfer,failed,2025-10-08 15:37:45.501329
TXN_6144042,Gloria Ibrahim,Cornelius Ojo,14270137.08,NGN,United States,mobile money,failed,2025-09-17 20:09:47.080380
TXN_8900102,Agnes Oshodi,Elizabeth Ogunleye,3236892.83,GHS,United States,mobile money,failed,2026-01-15 06:43:01.146551
TXN_2635822,Joshua Ekwueme,Joseph Ogunleye,12807509.74,USD,United States,card,pending,2026-04-13 09:23:07.719483
TXN_4786808,Cornelius Adetokunbo,David Adetokunbo,13686205.39,ZAR,South Africa,bank transfer,failed,2024-11-28 07:29:23.098256
TXN_3723250,Elizabeth Obi,Patience Chukwu,10239954.49,ZAR,South Africa,bank transfer,failed,2025-01-23 08:21:39.503779
TXN_6102678,Mary Okafor,Angela Obasanjo,19318170.57,NGN,Nigeria,card,pending,2026-04-09 08:15:30.368440
TXN_4654462,Deborah Balogun,Grace Obasanjo,14836263.36,USD,United States,mobile money,failed,2025-01-07 20:43:49.905350
TXN_5544430,Joshua Ojo,Andrew Olawale,15793239.15,NGN,Nigeria,card,failed,2025-11-03 22:52:18.104866
TXN_4332749,Esther Balogun,Samuel Ogunleye,17860730.64,ZAR,South Africa,card,pending,2026-04-08 17:59:31.839860
TXN_5862808,Samuel Okonkwo,James Oyekan,3511206.75,NGN,Nigeria,mobile money,success,2025-08-19 01:45:28.069707
TXN_2068374,Grace Eze,Simon Obasanjo,18066295.02,GHS,United States,mobile money,failed,2024-09-27 12:14:12.489016
TXN_7748824,Benjamin Uche,Sarah Ibrahim,2464449.13,USD,United States,bank transfer,failed,2024-12-16 13:51:20.534417
TXN_9048561,Faith Adetokunbo,Grace Okonkwo,17635144.25,KES,Kenya,card,pending,2026-07-31 22:40:49.201474
TXN_2654532,Emmanuel Eze,Agnes Adeyemi,9225573.8,GHS,Ghana,bank transfer,failed,2026-05-31 02:05:38.919915
TXN_4547732,Peter Okafor,Grace Okonkwo,16371670.87,USD,United States,card,success,2026-03-10 02:00:26.283219
TXN_3191737,David Oshodi,Blessing Nnamani,6993894.02,GHS,Ghana,mobile money,success,2025-02-12 02:21:02.948925
TXN_7116964,Comfort Akinwale,Hope Eze,17153634.61,ZAR,South Africa,bank transfer,pending,2026-06-21 04:03:39.937884
TXN_7861444,Blessing Adeyemi,Paul Adetokunbo,709249.79,USD,Ghana,card,failed,2025-01-11 09:01:16.215860
TXN_2661430,Mark Ojo,Mary Okafor,14904685.07,USD,United States,card,failed,2024-11-21 14:38:15.481514
TXN_1280288,Mary Oyekan,Paul Eze,9671896.87,ZAR,South Africa,mobile money,pending,2025-03-03 02:05:20.130177
TXN_3804792,Deborah Oyekan,Samuel Eze,7440708.79,KES,Ghana,card,failed,2025-02-16 07:34:25.368140
TXN_7773214,Elizabeth Ekwueme,Samuel Adetokunbo,15851105.74,KES,Kenya,card,success,2024-12-21 19:58:13.823996
TXN_6283203,Michael Uche,Michael Ojo,13219596.31,NGN,Nigeria,mobile money,pending,2025-12-30 02:29:07.237453
TXN_7339731,Peace Adeyemi,Faith Nnamani,2157197.42,GHS,Ghana,bank transfer,pending,2025-06-13 00:42:49.856425
TXN_9528411,Samuel Chukwu,David Olawale,18121104.25,NGN,Nigeria,card,pending,2025-08-31 12:38:32.200265
TXN_8059026,Juliet Oshodi,Stephen Obasanjo,7079019.64,NGN,United States,bank transfer,success,2026-06-06 18:41:41.890940
TXN_7473741,Philip Abiola,Benjamin Okafor,4349507.83,USD,United States,mobile money,failed,2025-03-06 17:02:27.399664
TXN_8722851,Simon Oyekan,Joy Chukwu,3215616.17,GHS,Nigeria,card,failed,2026-01-31 15:06:21.674177
TXN_4102868,Simon Chukwu,Hope Eze,5848498.57,NGN,Nigeria,bank transfer,failed,2025-03-09 09:53:36.492388
TXN_3486613,Benjamin Obasanjo,Mary Eze,18044179.63,KES,Kenya,bank transfer,pending,2024-10-24 18:09:05.757854
TXN_9470742,Peace Okafor,Gabriel Abiola,14980026.27,USD,Nigeria,bank transfer,failed,2025-05-20 05:50:08.944008
TXN_7444755,Ruth Ekwueme,Philip Uche,7776547.49,GHS,Ghana,card,success,2026-01-25 19:25:59.681169
TXN_3240484,Ruth Ibrahim,Blessing Uche,1371423.59,USD,United States,bank transfer,pending,2025-04-03 20:38:07.790184
TXN_7919220,Mark Obasanjo,Paul Eze,4032376.04,KES,Kenya,card,success,2025-03-04 02:58:02.861091
TXN_9756774,Paul Uche,Joshua Balogun,13175450.47,ZAR,South Africa,card,failed,2025-01-20 22:11:19.302866
TXN_5387132,Joy Okafor,Grace Abiola,16344261.22,GHS,Ghana,mobile money,pending,2026-08-29 05:14:11.308452
TXN_1817641,Paul Adeyemi,Faith Adeyemi,10068013.81,GHS,South Africa,mobile money,pending,2026-06-06 11:26:23.932363
TXN_8656325,Deborah Ibrahim,Daniel Olawale,17654917.74,KES,Kenya,bank transfer,success,2026-07-09 04:12:39.431885
TXN_5068733,Hope Ogunleye,Juliet Eze,11428702.32,USD,United States,card,success,2026-01-05 16:38:06.847786
TXN_8495856,James Chukwu,Peace Okonkwo,19118248.51,KES,United States,card,pending,2026-06-22 01:24:51.283845
TXN_8331373,Grace Okonkwo,Gabriel Adeyemi,9061515.94,USD,United States,card,failed,2026-03-05 09:09:47.680528
TXN_7535412,Daniel Nnamani,Blessing Ogunleye,9951642.92,USD,United States,card,pending,2024-11-13 04:21:27.252930
TXN_2949555,Simon Adetokunbo,Charity Adeyemi,18375777.98,NGN,Nigeria,card,success,2025-01-24 05:48:58.504894
TXN_5328684,Ruth Chukwu,Ruth Ojo,15820052.41,ZAR,United States,bank transfer,pending,2024-12-19 11:06:24.842687
TXN_6944983,Philip Adetokunbo,Patience Nnamani,19136605.03,NGN,Nigeria,card,pending,2026-03-02 22:47:17.374708
TXN_1498493,Mark Uche,Joshua Eze,8513349.59,NGN,Nigeria,mobile money,failed,2024-11-09 20:31:34.734477
TXN_6221251,Philip Adeyemi,Victoria Nnamani,2697838.06,USD,United States,card,pending,2026-02-01 20:36:13.512034
TXN_8712251,Faith Olawale,Peace Ekwueme,3674978.32,NGN,Nigeria,bank transfer,success,2024-12-08 04:53:54.892231
TXN_2197253,Peace Okonkwo,Hope Okonkwo,19969891.72,NGN,Nigeria,bank transfer,failed,2026-07-19 11:36:13.536132
TXN_9247560,Angela Oshodi,Stephen Eze,7039916.71,GHS,Ghana,mobile money,failed,2025-12-08 14:42:52.795515
TXN_9494601,Benjamin Oshodi,John Abiola,18054916.32,NGN,Nigeria,card,pending,2025-12-18 06:56:20.410480
TXN_1864060,Faith Okafor,Agnes Okonkwo,6424092.65,ZAR,South Africa,mobile money,failed,2024-10-24 08:28:23.881976
TXN_5276950,Andrew Akinwale,David Akinwale,11843690.4,NGN,Nigeria,card,failed,2025-04-19 18:42:49.269157
TXN_9653543,Peter Ekwueme,Esther Adetokunbo,5452590.9,USD,United States,mobile money,success,2025-10-07 13:45:57.157553
TXN_2650557,Andrew Eze,Faith Akinwale,3797373.46,USD,South Africa,card,failed,2025-10-11 20:07:00.912763
TXN_4236223,Gloria Ogunleye,Peace Ogunleye,13955373.67,KES,Nigeria,mobile money,failed,2025-04-13 03:17:34.352227
TXN_8721858,Michael Ogunleye,John Obasanjo,18807885.67,KES,Ghana,card,failed,2026-04-30 16:39:00.658132
TXN_5078706,Joy Ojo,Charity Balogun,11985633.0,GHS,Ghana,bank transfer,pending,2025-01-04 01:23:44.354453
TXN_6330061,Sarah Ojo,Comfort Uche,12972604.4,KES,Nigeria,card,failed,2026-04-09 09:18:35.322075
TXN_3700557,Gabriel Adeyemi,Deborah Olawale,15001664.72,ZAR,South Africa,card,pending,2026-08-22 02:14:41.074683
TXN_1192223,Michael Balogun,Ruth Oyekan,19593528.05,NGN,Nigeria,mobile money,pending,2026-03-03 10:53:57.004527
TXN_7244932,John Nnamani,Esther Obi,15220459.56,USD,Kenya,bank transfer,pending,2026-02-25 06:51:37.588590
TXN_4191067,Comfort Oshodi,Elizabeth Obasanjo,17757941.85,KES,Kenya,bank transfer,pending,2026-07-03 09:01:31.848234
TXN_8682134,Joseph Ekwueme,Gabriel Ojo,2925756.13,GHS,Ghana,mobile money,pending,2026-03-07 05:15:00.260324
TXN_4486081,Daniel Olawale,John Adeyemi,3641625.12,KES,Kenya,bank transfer,failed,2025-08-28 08:29:39.440325
TXN_9582136,Grace Eze,Hope Uche,11054275.99,NGN,Ghana,card,success,2026-02-19 22:06:44.797640
TXN_9431676,Agnes Abiola,Grace Olawale,16086332.74,KES,Kenya,mobile money,failed,2024-10-01 09:49:46.095839
TXN_7658925,Peace Uche,Mary Uche,3990363.39,NGN,Ghana,card,success,2025-09-09 10:41:53.993763
TXN_9739661,Esther Adetokunbo,Grace Okonkwo,1410230.8,NGN,Nigeria,bank transfer,pending,2025-09-27 17:19:55.220448
TXN_2800371,Stephen Uche,Ruth Ekwueme,16597748.24,GHS,Ghana,bank transfer,success,2026-01-19 15:45:55.092755
TXN_5519983,Victoria Eze,Stephen Ekwueme,12229750.25,GHS,Ghana,card,pending,2026-05-10 11:51:18.897876
TXN_3699012,Joshua Ojo,Mary Uche,1136784.19,USD,Kenya,card,failed,2026-02-07 09:39:43.453087
TXN_8398375,John Abiola,John Oshodi,12541268.95,ZAR,South Africa,mobile money,failed,2026-07-05 06:25:38.906126
TXN_3718235,Nathaniel Okafor,John Abiola,10937046.22,GHS,United States,card,failed,2025-07-22 01:33:16.565462
TXN_7212340,Mary Ekwueme,Peace Chukwu,1224057.09,KES,Kenya,bank transfer,pending,2026-08-31 15:04:47.531833
TXN_4461385,Paul Eze,Peter Ibrahim,17499712.18,USD,United States,bank transfer,success,2025-12-27 11:57:45.296145
TXN_9173201,Gabriel Okonkwo,Hope Obi,16680012.46,ZAR,South Africa,card,success,2025-10-29 14:07:26.857103
TXN_5869428,Victoria Balogun,Nathaniel Obi,13881154.53,GHS,Ghana,mobile money,success,2024-09-27 13:12:54.678377
TXN_1293784,James Okonkwo,John Adetokunbo,5322179.36,USD,United States,bank transfer,success,2026-01-23 07:43:39.491621
TXN_5310047,Samuel Nnamani,Joy Obasanjo,6363801.11,USD,United States,mobile money,failed,2025-08-12 12:14:09.715770
TXN_2940631,Juliet Eze,Joy Adetokunbo,11998213.13,KES,Kenya,bank transfer,pending,2026-04-07 18:13:17.893959
TXN_5617754,Mark Balogun,James Obasanjo,2751213.18,ZAR,South Africa,mobile money,success,2026-07-09 09:08:36.157413
TXN_4708545,Samuel Nnamani,Faith Oyekan,6409164.34,NGN,Nigeria,bank transfer,pending,2025-02-15 22:14:30.139613
TXN_5635575,Mary Akinwale,Cornelius Oshodi,13936334.56,USD,Nigeria,card,failed,2025-06-23 21:49:59.085725
TXN_8570309,Agnes Okonkwo,Cornelius Chukwu,5926665.15,KES,United States,bank transfer,failed,2025-10-15 15:07:48.841878
TXN_7688875,Elizabeth Eze,Cornelius Oshodi,1508603.83,ZAR,South Africa,mobile money,pending,2025-07-10 21:48:48.688470
TXN_8095560,Ruth Adetokunbo,Daniel Oshodi,2554468.53,KES,Kenya,bank transfer,success,2025-01-22 16:16:57.641013
TXN_3909006,Simon Okonkwo,Mary Balogun,5598369.1,KES,Kenya,bank transfer,failed,2025-12-31 23:02:02.636660
TXN_3680316,Agnes Ogunleye,Ruth Olawale,4995139.83,GHS,Ghana,mobile money,failed,2026-02-28 03:41:56.949419
TXN_2690026,Charity Oshodi,James Balogun,12318716.98,USD,United States,bank transfer,success,2025-03-24 21:17:20.818829
TXN_1633762,Nathaniel Obi,Grace Balogun,12016324.63,ZAR,South Africa,mobile money,success,2025-06-19 21:22:37.275654
TXN_9405575,Daniel Ojo,Cornelius Oyekan,14797774.17,ZAR,South Africa,card,pending,2024-12-20 18:19:11.811748
TXN_2672354,Esther Ekwueme,Ruth Ogunleye,5963293.71,ZAR,South Africa,bank transfer,pending,2025-05-30 21:20:14.412163
TXN_6701165,Andrew Ogunleye,Grace Obi,5320795.69,KES,Kenya,mobile money,failed,2025-12-23 11:27:11.262836
TXN_8757031,James Nnamani,Victoria Oyekan,16813794.63,KES,Kenya,card,failed,2026-07-02 23:07:33.295156
TXN_9442100,Ruth Balogun,John Obi,2476940.5,GHS,Ghana,bank transfer,pending,2026-08-16 04:26:31.398888
TXN_8528875,Gabriel Obi,Stephen Obasanjo,8295994.11,ZAR,South Africa,card,success,2025-11-28 10:00:38.385825
TXN_5728375,Michael Chukwu,James Oshodi,19025655.34,USD,United States,bank transfer,pending,2025-04-28 21:01:54.894993
TXN_7066097,Patience Akinwale,Hope Ekwueme,15837621.77,GHS,Ghana,mobile money,pending,2024-10-25 19:56:50.736037
TXN_3854619,Sarah Oyekan,Ruth Akinwale,5602151.79,KES,Kenya,bank transfer,failed,2024-10-10 13:43:48.908525
TXN_5964885,Philip Uche,James Ekwueme,5597429.26,GHS,Ghana,card,pending,2026-06-18 10:30:53.900651
TXN_3818414,Juliet Adeyemi,Juliet Obi,1984390.85,NGN,Nigeria,mobile money,success,2025-12-22 06:26:10.762356
TXN_8578231,Daniel Oyekan,Mark Akinwale,19473923.52,USD,United States,card,failed,2024-09-30 12:17:00.032128
TXN_2587331,Agnes Obasanjo,Joshua Akinwale,5496326.1,ZAR,South Africa,card,failed,2026-04-28 13:46:48.743487
TXN_2409522,Charity Eze,Stephen Oshodi,8400356.89,USD,United States,card,success,2025-08-23 06:59:13.575982
TXN_6641833,Paul Eze,Nathaniel Akinwale,314677.35,GHS,Nigeria,bank transfer,failed,2025-09-22 13:56:09.598441
TXN_6772131,Victoria Ogunleye,Deborah Okonkwo,5470261.89,USD,United States,card,pending,2024-12-25 00:27:25.653468
TXN_3496231,Mary Ojo,Andrew Chukwu,538179.57,NGN,United States,bank transfer,success,2026-04-14 09:15:31.137677
TXN_3692488,David Okonkwo,Esther Akinwale,4313956.87,GHS,Ghana,card,failed,2024-09-18 21:12:18.752558
TXN_4629059,Blessing Adeyemi,Hope Uche,17343871.72,ZAR,South Africa,mobile money,failed,2026-09-10 15:31:47.899869
TXN_3003899,David Abiola,Emmanuel Okafor,10801090.45,KES,Kenya,card,failed,2026-06-11 05:09:11.219410
TXN_4492167,Elizabeth Oshodi,Samuel Ekwueme,12654974.05,USD,South Africa,mobile money,pending,2026-03-13 17:33:33.458675
TXN_8533746,Sarah Adeyemi,Peace Oshodi,5830532.7,GHS,Ghana,bank transfer,failed,2026-06-25 07:47:59.221479
TXN_6988262,Comfort Ojo,Paul Ojo,10507910.28,USD,United States,bank transfer,success,2024-10-30 15:51:32.633506
TXN_9549545,Sarah Okafor,Andrew Nnamani,14073547.98,GHS,Ghana,card,failed,2025-03-26 03:52:37.058992
TXN_8449215,Michael Oshodi,Stephen Oshodi,16410770.36,KES,Kenya,card,failed,2024-10-15 05:07:58.382733
TXN_8158911,Peace Abiola,Simon Ibrahim,9436751.25,NGN,Nigeria,mobile money,success,2025-11-01 15:09:47.068476
TXN_9600885,John Olawale,Agnes Uche,7466480.24,USD,South Africa,mobile money,failed,2025-09-03 05:54:12.790396
TXN_2655517,Samuel Oyekan,Victoria Oyekan,16510261.14,ZAR,South Africa,bank transfer,pending,2025-02-26 01:39:17.558568
TXN_4565323,Gloria Ogunleye,Gloria Nnamani,12869664.68,NGN,Kenya,mobile money,success,2026-04-20 19:53:37.371817
TXN_1767074,Cornelius Okafor,Emmanuel Akinwale,9248904.34,GHS,Ghana,mobile money,pending,2025-05-10 06:18:12.499569
TXN_3128855,Gloria Adetokunbo,Andrew Uche,9447673.23,GHS,United States,mobile money,pending,2025-08-05 07:07:08.970670
TXN_1579365,Gabriel Abiola,John Okonkwo,10814807.98,ZAR,South Africa,card,success,2024-11-18 00:32:30.949661
TXN_9940448,Mary Adeyemi,David Okonkwo,11381742.31,KES,Kenya,mobile money,pending,2026-03-19 23:06:47.925298
TXN_7871621,Andrew Abiola,Joy Adeyemi,16750357.28,GHS,Ghana,card,failed,2025-05-25 23:54:40.009961
TXN_6993159,Mark Balogun,Joy Eze,3447889.71,NGN,Nigeria,bank transfer,failed,2026-01-24 18:33:44.226819
TXN_4035209,Deborah Oyekan,Deborah Ibrahim,10839985.16,ZAR,South Africa,card,failed,2025-11-22 17:40:25.153158
TXN_7237726,Angela Akinwale,Agnes Abiola,12899526.21,NGN,Nigeria,mobile money,pending,2025-08-28 14:48:39.818071
TXN_2713181,David Ogunleye,Andrew Ekwueme,17948600.07,GHS,Ghana,bank transfer,success,2025-05-19 16:24:06.455160
TXN_2124825,Gabriel Oyekan,Elizabeth Ogunleye,9291785.5,USD,Ghana,mobile money,success,2025-08-07 19:08:55.025794
TXN_8087905,Joy Nnamani,Agnes Oyekan,15744149.47,USD,South Africa,bank transfer,failed,2024-11-15 11:36:06.149621
TXN_7088108,Emmanuel Obasanjo,James Akinwale,3953598.68,NGN,Nigeria,mobile money,pending,2025-06-17 01:08:00.675447
TXN_2593687,Peter Eze,Joseph Obasanjo,8362643.84,ZAR,South Africa,mobile money,pending,2026-05-03 14:57:11.152186
TXN_9006711,Joy Nnamani,Charity Nnamani,17145799.17,GHS,Ghana,card,failed,2024-12-22 02:36:02.006142
TXN_3196682,Emmanuel Ibrahim,Juliet Okafor,1796712.15,ZAR,South Africa,bank transfer,success,2024-09-30 13:27:40.328193
TXN_7405037,Michael Uche,Michael Abiola,9093995.65,GHS,Ghana,bank transfer,pending,2026-07-18 16:49:35.788364
TXN_4608207,Esther Obi,Philip Ekwueme,1521783.83,ZAR,South Africa,card,pending,2024-12-10 00:25:52.604584
TXN_2752489,Elizabeth Eze,Comfort Adetokunbo,1188361.53,NGN,Nigeria,bank transfer,pending,2026-04-26 17:44:25.270680
TXN_4894778,Mary Adetokunbo,Esther Ekwueme,9840803.94,GHS,Ghana,mobile money,pending,2025-02-04 13:14:49.828874
TXN_5980305,Joshua Obasanjo,Hope Akinwale,9287898.27,GHS,Ghana,mobile money,failed,2026-03-27 06:40:10.464854
TXN_3793449,Sarah Balogun,Patience Adetokunbo,11305086.04,KES,United States,mobile money,success,2025-10-04 17:45:41.538371
TXN_5528708,Andrew Obasanjo,Cornelius Nnamani,6647919.58,NGN,Nigeria,bank transfer,failed,2026-03-19 15:45:35.396274
TXN_9148165,Cornelius Okafor,Charity Uche,9007370.29,NGN,Kenya,card,success,2026-06-02 01:57:46.296759
TXN_7765475,Sarah Okafor,David Eze,9587991.44,KES,Kenya,bank transfer,success,2025-11-11 19:08:42.079927
TXN_9222500,Gabriel Oshodi,Joseph Okonkwo,17027563.93,NGN,Nigeria,card,success,2024-11-10 09:26:54.856130
TXN_5008375,Samuel Akinwale,Hope Abiola,18373218.56,GHS,Ghana,card,success,2026-01-21 07:41:13.196355
TXN_9761037,Joseph Ekwueme,Peter Adetokunbo,11765827.86,KES,Kenya,card,failed,2025-12-10 17:13:07.247554
TXN_6354144,Mark Oyekan,Nathaniel Ekwueme,14534069.65,KES,Kenya,bank transfer,failed,2026-05-31 23:45:39.882789
TXN_4794893,Comfort Abiola,Sarah Okonkwo,16788041.11,NGN,United States,card,pending,2024-11-10 08:11:06.157364
TXN_8282640,Joy Ekwueme,Benjamin Ojo,10780719.31,ZAR,South Africa,mobile money,pending,2026-07-24 02:35:40.793530
TXN_2828643,Joy Akinwale,Faith Obasanjo,7619839.24,GHS,Ghana,mobile money,success,2026-08-28 17:43:26.964832
TXN_1947267,John Oyekan,Sarah Akinwale,14519530.91,KES,Kenya,mobile money,failed,2025-04-12 09:28:32.622668
TXN_1997372,Andrew Ojo,Stephen Oshodi,13629654.93,ZAR,South Africa,mobile money,success,2024-12-14 04:36:01.876820
TXN_5753588,Juliet Okafor,Charity Okonkwo,15644248.7,ZAR,South Africa,bank transfer,pending,2025-06-01 13:02:15.229700
TXN_8636410,Angela Nnamani,Joseph Abiola,2160508.16,KES,Kenya,card,failed,2025-12-14 07:05:52.250669
TXN_5726223,Ruth Balogun,Nathaniel Adetokunbo,13193456.65,ZAR,South Africa,card,failed,2025-12-29 21:54:41.568818
TXN_8324587,Comfort Obasanjo,Mark Ibrahim,14314835.1,GHS,Kenya,mobile money,pending,2024-11-14 00:37:02.173970
TXN_5305221,Victoria Okonkwo,Gabriel Olawale,12544572.34,ZAR,South Africa,mobile money,failed,2024-12-29 02:34:06.775125
TXN_5311859,David Abiola,Charity Adetokunbo,14599029.55,KES,Kenya,mobile money,failed,2025-03-20 14:09:03.608620
TXN_8511133,Hope Ojo,Juliet Oshodi,3376128.24,KES,Kenya,bank transfer,failed,2025-06-05 19:07:42.671713
TXN_2199348,Juliet Ibrahim,Gabriel Akinwale,188111.56,GHS,Ghana,mobile money,pending,2024-09-29 15:30:37.708766
TXN_7008091,Comfort Chukwu,Benjamin Ogunleye,1338559.4,KES,Kenya,bank transfer,failed,2026-05-30 22:24:35.338312
TXN_5344113,Michael Okonkwo,Joshua Balogun,6062183.11,NGN,Nigeria,card,pending,2025-02-26 07:23:38.162807
TXN_3459600,John Obi,Peter Ogunleye,12739121.47,USD,United States,card,pending,2025-09-04 18:52:41.289098
TXN_4943915,Esther Uche,Elizabeth Ogunleye,4714529.42,NGN,Nigeria,card,failed,2024-12-11 09:32:51.304852
TXN_7059706,Emmanuel Nnamani,David Obi,7204397.82,KES,Kenya,card,failed,2025-05-08 12:03:40.768761
TXN_8421689,Peter Ekwueme,Sarah Obi,5879406.67,USD,Kenya,bank transfer,pending,2025-06-19 18:22:01.775486
TXN_6001863,Michael Oyekan,Paul Obi,5636779.51,NGN,Nigeria,bank transfer,failed,2025-02-09 20:39:39.501793
TXN_3275343,David Uche,Peace Ekwueme,4693381.89,USD,United States,mobile money,failed,2024-09-25 23:12:14.569798
TXN_9354393,Agnes Ekwueme,Deborah Oyekan,10362827.96,USD,United States,bank transfer,success,2025-03-06 10:40:35.912700
TXN_1350908,Emmanuel Chukwu,Emmanuel Eze,9458593.17,ZAR,South Africa,card,pending,2026-07-06 21:30:28.385523
TXN_1974241,Mark Adetokunbo,James Eze,12511624.69,ZAR,South Africa,mobile money,pending,2024-12-28 13:19:51.270488
TXN_4247382,Ruth Okonkwo,Victoria Uche,2412069.71,GHS,Nigeria,mobile money,pending,2025-09-04 08:02:18.466529
TXN_3070526,Peter Oyekan,Simon Nnamani,3460303.18,KES,Kenya,card,failed,2025-04-18 14:13:11.787590
TXN_7814043,Patience Nnamani,Grace Balogun,5921628.79,NGN,Nigeria,card,failed,2025-02-10 18:22:31.107302
TXN_4874480,Sarah Ojo,Agnes Chukwu,18780622.8,USD,United States,mobile money,failed,2025-01-07 09:44:40.519783
TXN_8086010,James Obi,Victoria Ekwueme,2682196.05,KES,Kenya,mobile money,failed,2025-04-23 12:43:56.923591
TXN_5488886,Faith Oshodi,Stephen Nnamani,15136153.73,KES,Kenya,mobile money,success,2025-03-13 14:12:23.897473
TXN_1248777,Simon Oshodi,Joshua Oshodi,13153472.97,ZAR,Nigeria,card,success,2025-01-02 08:45:57.940969
TXN_3162204,Simon Okonkwo,Angela Nnamani,12251001.84,NGN,Nigeria,bank transfer,success,2025-05-29 06:17:22.844604
TXN_2740354,Mary Okafor,Emmanuel Eze,4208652.12,GHS,Ghana,card,failed,2024-10-12 22:27:42.504151
TXN_6831317,Blessing Balogun,Gloria Obasanjo,1156188.72,ZAR,South Africa,mobile money,pending,2024-11-30 10:11:01.199090
TXN_3058291,Faith Oyekan,Benjamin Ibrahim,4978085.23,GHS,Ghana,bank transfer,pending,2024-10-02 02:22:24.742259
TXN_3230487,Victoria Obasanjo,David Okonkwo,18886249.16,USD,Ghana,bank transfer,success,2025-08-11 03:30:47.745654
TXN_7542396,Nathaniel Nnamani,Simon Balogun,18788173.12,NGN,Nigeria,card,pending,2025-03-10 18:32:32.576286
TXN_6724018,Andrew Ekwueme,James Uche,12343781.08,USD,United States,mobile money,success,2026-08-27 20:47:14.325775
TXN_4659233,Joseph Ogunleye,Patience Obasanjo,13365006.7,KES,Kenya,bank transfer,pending,2026-02-23 06:58:22.465358
TXN_1911899,Samuel Okonkwo,Blessing Uche,12578734.33,ZAR,South Africa,bank transfer,failed,2024-11-01 01:11:52.041130
TXN_4803189,Patience Nnamani,Philip Okonkwo,17669418.72,ZAR,South Africa,card,success,2025-08-20 07:00:51.087850
TXN_1822586,Philip Adetokunbo,Gabriel Adeyemi,9774530.07,KES,Nigeria,mobile money,pending,2025-02-14 23:03:36.277898
TXN_9751728,Comfort Uche,Deborah Adeyemi,10518956.5,NGN,South Africa,mobile money,pending,2025-09-03 02:26:12.168210
TXN_5562508,Peter Nnamani,Angela Obi,17242937.2,USD,United States,mobile money,success,2026-07-10 15:43:20.322250
TXN_9118567,Joseph Obi,David Oshodi,17620605.09,ZAR,South Africa,bank transfer,failed,2025-10-09 21:47:58.096134
TXN_9632921,Peter Ekwueme,Peace Adetokunbo,11414312.15,NGN,Nigeria,bank transfer,pending,2026-02-25 10:34:31.441060
TXN_5653288,Philip Nnamani,Juliet Eze,1560694.53,GHS,Ghana,bank transfer,failed,2025-06-06 18:13:00.541032
TXN_7803416,Victoria Chukwu,Grace Adetokunbo,19379870.58,NGN,South Africa,bank transfer,failed,2026-06-24 10:47:37.124943
TXN_9521745,Agnes Obi,Blessing Ekwueme,14516653.91,NGN,Nigeria,card,pending,2025-02-11 14:55:46.228880
TXN_3443438,Patience Balogun,Charity Balogun,18409813.57,USD,United States,mobile money,pending,2025-01-26 22:46:37.455894
TXN_5223087,Peace Okonkwo,Samuel Olawale,11376421.82,USD,United States,mobile money,pending,2026-04-25 13:27:32.564859
TXN_6082137,Daniel Obasanjo,Elizabeth Okonkwo,3926517.2,ZAR,South Africa,card,failed,2025-01-23 13:36:20.388541
TXN_5770217,Mary Ojo,Michael Ibrahim,16753340.66,NGN,Nigeria,card,success,2024-12-03 08:55:39.360468
TXN_3710856,Hope Obi,Samuel Ibrahim,1028148.21,GHS,Ghana,card,pending,2025-11-06 13:18:48.744268
TXN_5253992,Andrew Akinwale,Philip Ogunleye,8947747.22,KES,Kenya,card,failed,2024-11-19 10:23:21.616362
TXN_1815984,Mark Abiola,Michael Okafor,18065344.3,USD,United States,bank transfer,success,2026-09-06 01:51:07.025600
TXN_7162292,Paul Olawale,Joy Ekwueme,9291061.2,ZAR,South Africa,card,failed,2025-08-06 11:08:05.722346
TXN_5241827,Mary Obi,Grace Akinwale,18872386.79,NGN,Nigeria,bank transfer,success,2024-12-13 17:00:41.667741
TXN_8971875,Joseph Nnamani,Benjamin Okonkwo,2485887.9,GHS,Ghana,mobile money,failed,2026-03-15 00:20:18.310177
TXN_2605435,Elizabeth Ekwueme,Victoria Olawale,5040939.0,NGN,South Africa,card,failed,2025-02-20 08:12:37.275457
TXN_6436528,Peace Akinwale,Andrew Ojo,5025383.95,ZAR,South Africa,bank transfer,pending,2025-02-09 23:11:16.696038
TXN_9933204,Ruth Akinwale,Gloria Ojo,6722452.37,NGN,Ghana,card,failed,2024-12-03 20:15:21.509472
TXN_3172057,Blessing Ibrahim,Cornelius Adetokunbo,16976480.06,GHS,Ghana,bank transfer,success,2025-08-18 07:35:22.426539
TXN_7338620,Gabriel Ibrahim,Joshua Ojo,15258828.79,USD,United States,card,success,2026-05-02 18:17:23.082139
TXN_7746587,Joshua Obi,Ruth Ibrahim,6964240.13,NGN,Nigeria,bank transfer,success,2026-06-19 03:18:20.782483
TXN_8076867,Emmanuel Adeyemi,Sarah Chukwu,13924138.46,ZAR,South Africa,card,failed,2026-03-17 18:28:11.451441
TXN_3678113,Gabriel Akinwale,Benjamin Ekwueme,7346733.92,USD,United States,card,success,2025-02-12 06:42:44.450435
TXN_9189350,Deborah Oshodi,David Ekwueme,18918007.76,ZAR,Nigeria,bank transfer,failed,2024-11-18 20:41:41.645068
TXN_7076244,Benjamin Obasanjo,Joseph Abiola,10953870.22,NGN,Nigeria,mobile money,success,2024-11-12 11:26:41.537944
TXN_5964697,Cornelius Ekwueme,Emmanuel Ekwueme,1621921.14,GHS,Ghana,mobile money,success,2026-04-22 09:03:38.867947
TXN_6297587,James Adetokunbo,Victoria Chukwu,13927667.49,USD,United States,mobile money,failed,2025-01-11 08:38:22.620430
TXN_1180278,Juliet Akinwale,Daniel Chukwu,19063678.03,USD,United States,mobile money,success,2026-02-25 20:19:40.059927
TXN_2021899,Michael Ekwueme,Elizabeth Ogunleye,13502329.85,NGN,South Africa,bank transfer,success,2025-11-17 08:30:10.012764
TXN_2395043,Angela Okafor,Charity Oyekan,3497409.79,KES,Kenya,mobile money,success,2025-03-09 07:02:06.419852
TXN_4428844,Philip Akinwale,Andrew Oyekan,3332467.95,GHS,Nigeria,mobile money,success,2025-04-14 06:26:38.072629
TXN_3377330,Nathaniel Chukwu,Andrew Adeyemi,19737288.77,NGN,South Africa,bank transfer,pending,2025-04-24 02:37:09.157069
TXN_8385590,Joseph Abiola,Mark Balogun,626994.84,USD,United States,card,failed,2026-05-01 06:10:35.115244
TXN_2419245,Sarah Okafor,Joy Olawale,18648698.22,KES,Kenya,mobile money,pending,2025-04-09 07:23:13.439718
TXN_3393488,Mark Olawale,Sarah Ibrahim,7604919.08,ZAR,Kenya,mobile money,success,2025-06-20 20:20:41.440330
TXN_4245229,Patience Ogunleye,Ruth Nnamani,502544.37,KES,Kenya,card,success,2025-10-21 08:46:03.174781
TXN_9949061,John Adetokunbo,Deborah Okafor,1252440.9,USD,Kenya,bank transfer,failed,2026-04-22 22:00:07.994954
TXN_8536052,Gloria Adetokunbo,Emmanuel Adeyemi,3190911.18,NGN,Nigeria,card,pending,2025-08-07 17:48:33.626166
TXN_3776204,Faith Obasanjo,Gloria Uche,10846052.84,KES,United States,mobile money,pending,2025-05-21 12:42:02.194125
TXN_1824598,Comfort Abiola,Cornelius Obasanjo,17176301.12,NGN,Nigeria,card,success,2026-01-20 00:59:46.553423
TXN_6757335,Angela Ojo,Stephen Ojo,7213526.06,USD,United States,bank transfer,pending,2024-12-04 10:13:40.665787
TXN_4072212,James Okafor,Joy Nnamani,378262.4,NGN,Nigeria,bank transfer,pending,2026-03-05 18:33:26.904808
TXN_4938571,Mark Oyekan,Mark Okafor,16507612.08,ZAR,South Africa,mobile money,failed,2025-03-06 02:18:13.363399
TXN_2640736,Mark Oyekan,Andrew Oshodi,12824344.06,USD,United States,card,pending,2026-05-10 00:27:46.101214
TXN_7730197,Faith Nnamani,Emmanuel Abiola,17621516.95,KES,Kenya,bank transfer,success,2026-01-18 08:33:31.763788
TXN_9210900,Mark Akinwale,Charity Ogunleye,12289212.29,USD,United States,bank transfer,failed,2024-10-15 12:05:54.096352
TXN_7846967,Peace Oyekan,Philip Ojo,8519297.73,ZAR,South Africa,bank transfer,success,2026-06-21 21:44:17.918257
TXN_9085902,Peace Ekwueme,Gabriel Adetokunbo,18084206.01,USD,United States,mobile money,success,2025-06-07 00:38:15.458121
TXN_7453755,Samuel Uche,Juliet Obasanjo,18118371.4,GHS,Ghana,card,success,2025-09-14 20:07:07.518183
TXN_5047150,Stephen Adetokunbo,Faith Akinwale,14548880.8,NGN,Nigeria,mobile money,failed,2026-02-22 12:50:00.796923
TXN_7711492,Gabriel Obi,Comfort Obasanjo,9935647.43,ZAR,South Africa,bank transfer,success,2026-05-02 12:44:43.024217
TXN_8567090,Philip Akinwale,Paul Oyekan,15494589.33,NGN,Nigeria,bank transfer,failed,2025-02-08 07:26:55.412131
TXN_2752167,Andrew Ekwueme,James Adetokunbo,15765157.08,KES,Kenya,bank transfer,pending,2025-07-07 12:40:05.666929
TXN_8829058,John Abiola,Cornelius Oshodi,3900394.5,KES,South Africa,mobile money,pending,2026-03-02 16:34:54.016405
TXN_5650889,Paul Adeyemi,James Ibrahim,12889871.17,GHS,Ghana,card,failed,2026-04-11 08:39:20.862241
TXN_5216178,Andrew Abiola,Gloria Uche,11865777.87,ZAR,Ghana,bank transfer,pending,2025-02-19 12:05:59.117575
TXN_2075417,Cornelius Ekwueme,Daniel Ibrahim,1063082.34,NGN,Nigeria,mobile money,pending,2026-05-28 08:17:50.894654
TXN_1439590,Gloria Adeyemi,Elizabeth Balogun,11123562.69,ZAR,South Africa,bank transfer,success,2026-08-01 18:46:31.563174
TXN_7184122,James Oyekan,Cornelius Obi,5921389.85,ZAR,South Africa,bank transfer,failed,2026-01-20 20:08:07.589863
TXN_9605973,John Olawale,Peace Chukwu,4881286.24,GHS,Ghana,card,success,2025-02-04 23:52:04.771716
TXN_1592494,Grace Balogun,Elizabeth Abiola,10884908.35,GHS,United States,bank transfer,failed,2024-12-04 08:48:40.129296
TXN_9210805,Andrew Chukwu,Peter Obi,10071620.63,KES,Ghana,card,pending,2024-11-26 14:06:18.535913
TXN_9521469,Philip Eze,Peter Oyekan,2066013.85,GHS,Ghana,card,failed,2026-02-21 00:04:51.073763
TXN_2059230,Deborah Oshodi,Hope Olawale,16331826.36,GHS,Kenya,card,success,2025-02-14 14:57:56.658126
TXN_5473722,Sarah Ibrahim,Gloria Akinwale,3618589.63,KES,Kenya,bank transfer,success,2025-10-24 06:17:23.915572
TXN_4713303,Agnes Adeyemi,Charity Ogunleye,13447638.79,ZAR,Ghana,mobile money,pending,2024-11-25 09:52:34.068295
TXN_5224538,Philip Chukwu,Deborah Nnamani,15801595.46,ZAR,Nigeria,card,failed,2025-04-11 15:23:49.064452
TXN_8910338,Paul Obi,Gloria Nnamani,17883900.27,NGN,Nigeria,mobile money,pending,2026-01-10 14:03:07.789525
TXN_8187374,Sarah Ekwueme,Faith Uche,7680709.72,NGN,Nigeria,mobile money,success,2026-08-05 04:30:15.924962
TXN_5308151,Michael Obasanjo,Mark Olawale,16020450.41,ZAR,South Africa,card,failed,2026-01-29 15:36:02.779629
TXN_6692950,Ruth Balogun,Joseph Ekwueme,4629790.93,KES,Kenya,bank transfer,failed,2025-12-22 01:04:24.753933
TXN_3895214,Emmanuel Eze,Faith Uche,2639953.27,KES,South Africa,bank transfer,failed,2025-10-25 03:02:35.738289
TXN_2796348,Esther Ogunleye,Deborah Oshodi,7194410.09,ZAR,South Africa,card,pending,2026-06-16 18:15:42.611691
TXN_5546137,Nathaniel Obasanjo,Esther Obasanjo,19951031.45,ZAR,United States,card,pending,2025-11-14 00:13:32.698342
TXN_8747439,Charity Abiola,Daniel Ogunleye,17609451.95,ZAR,South Africa,bank transfer,pending,2026-04-23 12:57:22.231745
TXN_7239318,Cornelius Ekwueme,Deborah Adeyemi,14334930.31,ZAR,South Africa,card,success,2026-08-24 18:12:29.762424
TXN_2997675,Mark Adetokunbo,Gabriel Ibrahim,1184845.18,ZAR,Nigeria,bank transfer,pending,2026-05-25 05:54:16.030014
TXN_8371094,Gabriel Olawale,Mark Adetokunbo,5276871.45,NGN,Nigeria,mobile money,failed,2025-07-10 05:55:04.786371
TXN_6650263,Faith Ekwueme,Peter Okonkwo,15206276.15,ZAR,South Africa,mobile money,pending,2026-07-23 01:07:28.623634
TXN_6402356,Andrew Ekwueme,Victoria Okonkwo,12540592.67,GHS,Ghana,card,failed,2025-01-27 19:04:10.162380
TXN_8769174,Paul Ogunleye,Sarah Ibrahim,7294476.38,NGN,United States,bank transfer,success,2025-10-16 20:46:58.188614
TXN_6808611,Joy Balogun,Michael Uche,292655.68,NGN,Nigeria,card,pending,2026-02-28 18:11:25.838390
TXN_7008321,Juliet Olawale,Faith Nnamani,1980469.38,KES,South Africa,mobile money,pending,2024-12-08 21:42:44.314919
TXN_5904083,Sarah Ogunleye,John Okonkwo,7083082.96,NGN,Nigeria,card,pending,2026-09-05 22:25:38.147022
TXN_2600543,Daniel Oshodi,Mark Chukwu,9801833.69,KES,Kenya,card,failed,2025-12-09 07:33:23.870480
TXN_2960359,Elizabeth Adetokunbo,Deborah Okafor,16248609.85,ZAR,South Africa,mobile money,success,2026-04-21 10:57:25.886793
TXN_6224978,Faith Ibrahim,Comfort Okafor,120779.58,NGN,Nigeria,mobile money,success,2024-10-06 02:49:39.088802
TXN_8800889,Patience Adeyemi,Daniel Uche,10912607.54,ZAR,South Africa,bank transfer,pending,2025-02-25 20:58:32.831373
TXN_8889770,Grace Nnamani,Esther Nnamani,7658323.78,GHS,South Africa,bank transfer,success,2026-09-03 19:13:40.185722
TXN_8215228,Samuel Ogunleye,Blessing Oyekan,16254762.16,ZAR,South Africa,bank transfer,success,2026-05-31 00:36:46.829212
TXN_8425479,Mary Ibrahim,James Ogunleye,7470978.34,NGN,Nigeria,mobile money,success,2025-10-15 19:22:01.760063
TXN_9325391,Joy Akinwale,Grace Obi,19360207.97,GHS,Ghana,bank transfer,failed,2024-11-20 04:25:04.537377
TXN_8963206,David Adeyemi,Paul Ekwueme,10681616.57,GHS,Ghana,mobile money,success,2025-12-23 09:33:59.544583
TXN_7490902,Philip Adeyemi,Andrew Adeyemi,337247.81,USD,Ghana,card,failed,2026-07-01 15:56:28.524009
TXN_5419314,Michael Okonkwo,Esther Uche,10251344.47,USD,United States,mobile money,failed,2026-05-12 08:16:24.835788
TXN_9446564,Benjamin Abiola,Angela Ogunleye,11760481.19,NGN,Nigeria,bank transfer,success,2025-08-24 07:36:49.200916
TXN_3006080,Cornelius Okonkwo,Philip Oyekan,11075647.31,ZAR,South Africa,card,pending,2024-11-13 23:01:05.912224
TXN_8022305,Michael Balogun,Sarah Ekwueme,6274546.72,ZAR,South Africa,mobile money,failed,2026-04-09 23:35:37.341769
TXN_4647773,Blessing Oshodi,Mark Oshodi,14740325.73,ZAR,South Africa,card,success,2026-04-16 14:48:07.411777
TXN_8593881,Ruth Adetokunbo,Stephen Ojo,412552.87,KES,Kenya,mobile money,pending,2026-01-11 23:33:51.629576
TXN_2668701,Gabriel Adeyemi,Joy Obi,7258756.08,GHS,Ghana,bank transfer,success,2026-01-19 22:47:45.646823
TXN_4397258,Blessing Ojo,Peace Oshodi,18302198.74,ZAR,South Africa,mobile money,success,2025-08-28 22:40:53.186904
TXN_5036555,Elizabeth Ojo,Gloria Ogunleye,11582859.22,KES,Kenya,mobile money,pending,2026-02-09 20:33:44.911633
TXN_5936193,David Oshodi,Ruth Obasanjo,15469990.13,USD,United States,mobile money,failed,2025-06-30 21:25:10.586299
TXN_2641660,Faith Nnamani,David Adetokunbo,15438898.41,GHS,Ghana,bank transfer,failed,2025-03-02 01:18:44.231340
TXN_8370554,Joseph Akinwale,Daniel Ibrahim,6715608.34,USD,United States,bank transfer,failed,2025-01-09 19:32:42.073195
TXN_6964251,Blessing Okafor,Hope Adetokunbo,16860436.98,KES,Kenya,mobile money,failed,2026-07-08 05:17:32.523764
TXN_9087237,Mark Obasanjo,Joseph Akinwale,5262632.61,ZAR,Kenya,mobile money,pending,2026-08-06 02:51:14.598976
TXN_5425940,David Okonkwo,Simon Chukwu,15002684.69,USD,United States,card,pending,2025-09-16 01:26:04.426417
TXN_4232024,Emmanuel Adetokunbo,Philip Oyekan,5009588.43,NGN,Kenya,mobile money,failed,2026-03-28 23:43:19.865693
TXN_2897888,Patience Abiola,Grace Ojo,417186.58,GHS,Ghana,mobile money,pending,2025-02-17 10:10:34.989451
TXN_2090684,Juliet Eze,Andrew Abiola,2878171.02,KES,Kenya,bank transfer,failed,2024-12-22 08:37:51.798779
TXN_9978775,Hope Uche,Cornelius Ibrahim,10469586.13,KES,Kenya,bank transfer,pending,2026-01-13 22:51:01.990726
TXN_6747922,Gloria Ogunleye,Mary Uche,5146375.55,USD,United States,bank transfer,failed,2026-01-20 10:24:09.706481
TXN_4416867,Victoria Adeyemi,Hope Obi,852801.16,GHS,Ghana,bank transfer,pending,2025-01-23 17:37:27.581692
TXN_3462386,Comfort Adetokunbo,Nathaniel Oshodi,1493610.81,ZAR,South Africa,bank transfer,success,2026-02-08 01:39:01.136066
TXN_5661534,Angela Oyekan,Joshua Ibrahim,15595925.07,NGN,Nigeria,mobile money,pending,2025-12-12 05:07:07.375939
TXN_9926960,Nathaniel Nnamani,Elizabeth Olawale,6322977.57,ZAR,South Africa,bank transfer,failed,2026-04-02 13:02:12.163296
TXN_6800174,Michael Ojo,Andrew Ojo,14598086.62,USD,Nigeria,mobile money,success,2025-05-26 23:05:24.308921
TXN_2302157,Joy Balogun,Joseph Adeyemi,15651200.58,NGN,Kenya,mobile money,pending,2025-08-05 03:39:29.140720
TXN_1296533,Patience Adeyemi,Andrew Chukwu,1993024.09,ZAR,South Africa,bank transfer,success,2025-05-02 06:13:10.262053
TXN_9513591,Gloria Oshodi,Comfort Oshodi,929896.12,GHS,Ghana,card,pending,2024-09-29 16:08:48.284453
TXN_7121609,Simon Olawale,Daniel Ojo,17861002.57,KES,Kenya,mobile money,failed,2026-09-14 08:18:11.676625
TXN_3389436,Mary Ojo,Mary Ibrahim,1032986.77,NGN,United States,card,pending,2024-10-05 06:01:16.842522
TXN_1849091,Ruth Adetokunbo,Joy Abiola,8965007.12,ZAR,United States,bank transfer,failed,2024-11-27 20:49:27.854091
TXN_8101796,David Obi,Mary Ogunleye,12095146.87,NGN,Nigeria,bank transfer,success,2024-12-26 13:07:18.778095
TXN_1048993,Sarah Okafor,Esther Uche,573379.76,KES,Kenya,card,success,2025-10-22 00:04:33.226862
TXN_1555293,Comfort Nnamani,Agnes Abiola,8241701.19,ZAR,South Africa,bank transfer,pending,2025-03-18 16:26:17.058171
TXN_8061060,Patience Obasanjo,Faith Chukwu,1540962.58,KES,Ghana,card,success,2025-05-07 09:48:04.749382
TXN_1944541,Stephen Okafor,Faith Obasanjo,1720190.54,USD,United States,card,success,2024-10-21 23:30:33.285054
TXN_2849962,Benjamin Chukwu,Michael Adeyemi,4744277.36,ZAR,South Africa,mobile money,pending,2025-12-31 20:56:28.772113
TXN_4160178,Sarah Uche,Deborah Abiola,129455.9,GHS,South Africa,card,pending,2026-09-12 13:57:34.896484
TXN_9833016,Joseph Ojo,Benjamin Adetokunbo,4704591.52,KES,Kenya,bank transfer,success,2025-01-24 18:34:36.967978
TXN_8645280,Nathaniel Adetokunbo,Mary Chukwu,3815205.65,GHS,Ghana,mobile money,success,2026-09-01 23:39:46.030789
TXN_4752154,Ruth Ekwueme,Mary Obasanjo,12661129.71,KES,South Africa,mobile money,pending,2026-05-11 07:29:30.280627
TXN_7468863,Victoria Ibrahim,Juliet Olawale,2682875.4,NGN,Nigeria,card,failed,2025-12-30 10:35:09.012742
TXN_6340947,Mark Adetokunbo,Ruth Ibrahim,10882121.41,GHS,Ghana,mobile money,pending,2025-11-24 11:34:22.120271
TXN_5052461,Mark Ojo,Emmanuel Adeyemi,3319771.17,KES,Nigeria,mobile money,failed,2025-08-18 05:11:51.967914
TXN_5947764,John Ojo,Juliet Obi,4871557.64,USD,South Africa,card,failed,2025-07-21 05:06:13.530411
TXN_5001372,Blessing Okafor,Ruth Ojo,11241856.22,USD,United States,bank transfer,pending,2026-07-28 08:17:17.769273
TXN_9616051,Charity Obasanjo,Mary Ojo,19247078.9,GHS,Ghana,card,failed,2026-07-08 15:37:49.642774
TXN_8134144,Samuel Adetokunbo,Comfort Obasanjo,9061608.28,NGN,Nigeria,mobile money,success,2024-10-22 20:32:18.002611
TXN_1787409,Angela Obasanjo,David Adetokunbo,11188522.08,GHS,Ghana,mobile money,failed,2024-11-24 16:57:35.174307
TXN_6959459,Victoria Oshodi,Gloria Olawale,1355821.62,GHS,Ghana,bank transfer,pending,2024-10-21 16:32:45.709588
TXN_3651872,Nathaniel Chukwu,Sarah Akinwale,7030117.66,ZAR,South Africa,card,failed,2025-05-29 09:29:15.776546
TXN_1739896,Charity Uche,Simon Ibrahim,12848133.9,ZAR,South Africa,bank transfer,pending,2025-11-13 00:03:56.765214
TXN_1593795,James Abiola,Joseph Nnamani,17571596.98,USD,United States,mobile money,failed,2025-10-17 22:12:51.242009
TXN_5690115,Simon Ibrahim,Comfort Chukwu,12132282.63,USD,United States,card,failed,2025-05-13 14:23:56.123351
TXN_8096376,Comfort Oyekan,Grace Uche,7998775.38,NGN,Nigeria,bank transfer,success,2025-09-15 09:52:27.811443
TXN_1050812,Stephen Uche,Ruth Obi,9896070.68,NGN,Ghana,mobile money,success,2025-12-14 19:21:02.856430
TXN_6006666,Agnes Ojo,Deborah Obi,15742675.92,NGN,Nigeria,card,pending,2026-06-06 22:44:57.547503
TXN_5450169,Comfort Eze,John Akinwale,940072.75,ZAR,South Africa,card,success,2024-09-25 17:59:53.752138
TXN_8408403,Daniel Chukwu,Mary Oshodi,14578818.09,NGN,Nigeria,bank transfer,success,2025-02-22 04:29:09.318000
TXN_7112099,Elizabeth Uche,Sarah Okonkwo,16502217.92,GHS,United States,bank transfer,pending,2026-02-21 13:58:08.863587
TXN_9961423,James Oyekan,Nathaniel Okonkwo,4608929.09,KES,Kenya,mobile money,failed,2026-04-25 16:27:08.124471
TXN_5984038,Charity Balogun,Daniel Okafor,15813550.25,GHS,Ghana,mobile money,pending,2026-02-28 22:39:12.265606
TXN_3765440,Juliet Uche,Angela Adetokunbo,5833197.28,KES,Kenya,mobile money,pending,2025-10-18 00:17:54.805044
TXN_7798225,Simon Obi,Michael Ojo,5867403.99,ZAR,South Africa,bank transfer,success,2026-04-02 08:18:49.530121
TXN_2236607,Joy Ogunleye,Sarah Eze,2059614.01,ZAR,South Africa,mobile money,success,2024-09-27 00:26:18.483293
TXN_3120014,Patience Adeyemi,Comfort Adetokunbo,2778706.0,GHS,Ghana,mobile money,pending,2026-08-04 15:56:14.554562
TXN_7641590,Paul Chukwu,Elizabeth Chukwu,9575077.37,USD,United States,mobile money,pending,2024-10-20 09:26:49.868132
TXN_4939199,Victoria Chukwu,Paul Ibrahim,9351277.67,USD,Kenya,card,success,2024-11-15 14:57:17.572958
TXN_2086952,Joy Adetokunbo,Peter Nnamani,9883612.38,USD,Ghana,bank transfer,failed,2025-03-16 21:09:05.782179
TXN_3789505,Deborah Oyekan,Agnes Ogunleye,4511772.9,NGN,Nigeria,card,pending,2025-02-07 07:06:04.513868
TXN_6012542,Michael Abiola,Samuel Uche,9322234.57,ZAR,South Africa,bank transfer,pending,2025-06-01 07:39:26.889212
TXN_8499077,Paul Ojo,Sarah Balogun,11482720.8,NGN,Nigeria,mobile money,failed,2025-07-25 21:51:16.468158
TXN_5196564,Agnes Ibrahim,Gabriel Akinwale,3765476.84,ZAR,South Africa,bank transfer,success,2025-08-13 17:24:57.699398
TXN_4653174,David Ibrahim,Daniel Uche,3888426.94,NGN,Nigeria,mobile money,success,2025-10-29 04:45:29.868167
TXN_8734669,Deborah Ogunleye,Blessing Balogun,13664048.68,KES,Kenya,bank transfer,success,2026-05-12 13:20:58.743988
TXN_8659147,Mark Okonkwo,Faith Nnamani,15126985.14,ZAR,South Africa,mobile money,success,2025-10-07 09:46:26.067443
TXN_2326551,Gabriel Okonkwo,Mark Akinwale,9400873.46,NGN,Nigeria,mobile money,failed,2026-08-25 14:10:07.626443
TXN_7138369,Agnes Oshodi,Gloria Adetokunbo,15084672.86,ZAR,South Africa,mobile money,success,2026-05-27 15:43:54.522346
TXN_5669432,Ruth Adetokunbo,Comfort Uche,19850096.76,KES,Kenya,card,pending,2026-06-22 06:58:38.138159
TXN_3856736,Simon Ekwueme,Gabriel Akinwale,19077912.95,GHS,Ghana,card,success,2025-03-11 06:33:00.200788
TXN_3303877,Andrew Ibrahim,Mark Olawale,12657172.67,GHS,Ghana,card,pending,2025-01-29 05:26:00.660035
TXN_3315629,Michael Adetokunbo,Simon Adeyemi,9007611.36,NGN,Nigeria,bank transfer,pending,2026-07-25 08:41:10.563582
TXN_2316000,Patience Ogunleye,Cornelius Nnamani,8543029.52,NGN,Nigeria,mobile money,pending,2025-06-11 07:59:39.444572
TXN_9472396,Andrew Ekwueme,Joshua Obasanjo,6928923.27,GHS,Ghana,bank transfer,failed,2026-09-09 16:19:37.765029
TXN_2925911,Gabriel Obasanjo,Mary Okafor,14326220.5,ZAR,South Africa,card,pending,2025-07-09 04:10:40.653953
TXN_2962200,Joy Chukwu,Patience Obasanjo,11559780.65,ZAR,South Africa,card,success,2025-02-05 16:18:07.467702
TXN_2585809,Blessing Oyekan,Sarah Oshodi,8067627.74,NGN,Nigeria,card,success,2025-11-09 05:04:18.322125
TXN_6009254,John Olawale,Nathaniel Nnamani,10834772.05,NGN,South Africa,mobile money,pending,2026-09-11 12:06:51.979451
TXN_7234915,Angela Akinwale,Daniel Uche,12113267.19,GHS,Ghana,bank transfer,pending,2025-04-30 18:49:41.197423
TXN_1715542,Samuel Adeyemi,Stephen Eze,8834105.64,USD,United States,card,failed,2025-06-29 06:41:44.918575
TXN_4409865,Grace Balogun,Mary Akinwale,580640.2,ZAR,South Africa,card,pending,2025-12-13 15:19:10.223655
TXN_5669371,Mark Nnamani,Andrew Adetokunbo,346581.92,NGN,Nigeria,bank transfer,failed,2025-02-06 20:09:06.453999
TXN_2214955,Esther Ojo,Mark Obasanjo,7952499.44,GHS,Ghana,mobile money,failed,2025-02-20 07:20:37.445088
TXN_5463089,Gloria Olawale,Elizabeth Obi,15231865.69,USD,United States,card,success,2025-12-16 07:50:13.131087
TXN_7601062,Faith Adetokunbo,Hope Akinwale,18109449.59,ZAR,South Africa,bank transfer,success,2026-04-16 23:30:30.406997
TXN_1203166,Philip Adeyemi,Patience Ojo,9710146.73,GHS,Ghana,bank transfer,failed,2025-07-27 01:14:53.635475
TXN_9121881,Esther Ibrahim,Emmanuel Ogunleye,9743005.53,ZAR,South Africa,mobile money,failed,2025-11-01 13:34:42.465218
TXN_9074040,Michael Oyekan,Michael Olawale,12802088.47,KES,Kenya,bank transfer,success,2025-07-23 11:14:07.229434
TXN_3280973,Patience Ekwueme,Samuel Nnamani,19446663.71,ZAR,Kenya,mobile money,success,2026-01-06 10:37:54.245766
TXN_9108976,Agnes Obi,Hope Uche,11643027.92,GHS,Ghana,mobile money,failed,2025-08-21 05:04:51.507747
TXN_3156892,Michael Ekwueme,Victoria Ojo,16122116.07,KES,Kenya,card,failed,2025-04-20 06:45:15.666114
TXN_4156171,Stephen Okafor,Simon Obasanjo,10674650.83,KES,Kenya,mobile money,pending,2025-05-12 11:12:43.788349
TXN_4363063,Joshua Ojo,Faith Oshodi,3632621.03,ZAR,South Africa,card,failed,2024-10-19 03:10:16.094955
TXN_2003680,Juliet Oyekan,Benjamin Ibrahim,2664092.6,ZAR,South Africa,mobile money,failed,2026-07-11 13:33:48.801901
TXN_3698103,Elizabeth Obi,Paul Oshodi,4640217.02,USD,United States,card,success,2026-09-03 19:16:43.163142
TXN_7103966,Cornelius Eze,Stephen Chukwu,13852629.01,GHS,Ghana,bank transfer,failed,2025-05-17 16:32:40.167338
TXN_2073822,Gabriel Ibrahim,Andrew Olawale,1899818.29,ZAR,South Africa,mobile money,pending,2026-01-24 18:55:41.412938
TXN_4186452,Simon Okafor,Paul Oshodi,8456842.37,GHS,Nigeria,bank transfer,success,2026-07-23 19:14:21.448395
TXN_5481918,Faith Obi,Agnes Adetokunbo,12979447.21,KES,Kenya,card,success,2026-07-17 22:33:54.822589
TXN_7363169,Philip Obasanjo,Comfort Obasanjo,7346149.48,GHS,Kenya,card,success,2025-04-01 16:47:09.308474
TXN_3799227,Patience Ekwueme,Philip Obasanjo,18792696.94,GHS,Ghana,bank transfer,success,2025-11-02 03:32:57.517940
TXN_3943410,Emmanuel Akinwale,Peace Okafor,3595945.25,KES,Kenya,bank transfer,success,2025-08-06 06:35:06.785524
TXN_2615429,Hope Ibrahim,Samuel Ogunleye,15595594.66,ZAR,Ghana,mobile money,pending,2026-07-19 18:22:30.391724
TXN_5737560,Michael Ibrahim,Faith Balogun,9298307.55,ZAR,South Africa,bank transfer,success,2025-07-11 15:13:28.540179
TXN_9495644,Comfort Balogun,Angela Oyekan,7157616.39,USD,United States,card,success,2025-07-30 23:22:15.091279
TXN_4685674,Simon Obasanjo,Gabriel Obi,7143809.15,USD,United States,mobile money,success,2024-11-10 10:10:48.148954
TXN_5948241,Comfort Abiola,Charity Okafor,18571291.85,ZAR,South Africa,mobile money,pending,2026-03-15 17:14:48.871317
TXN_9764170,Gloria Ekwueme,Blessing Uche,8502768.19,USD,United States,bank transfer,success,2025-05-07 22:43:29.672899
TXN_1484383,Michael Ekwueme,Angela Uche,17602682.24,ZAR,South Africa,card,success,2025-11-05 20:39:35.677039
TXN_7076150,Mary Uche,Comfort Chukwu,15329319.54,KES,Ghana,card,success,2025-09-09 08:49:44.262267
TXN_9512533,Elizabeth Ekwueme,Hope Chukwu,7873631.31,KES,Kenya,bank transfer,failed,2025-05-18 21:41:26.030646
TXN_3028510,Grace Oshodi,Esther Oyekan,4070461.04,USD,United States,bank transfer,pending,2025-01-02 06:02:11.020242
TXN_8490806,Gloria Oshodi,Paul Ojo,2451234.35,USD,South Africa,mobile money,pending,2026-01-31 02:45:47.093082
TXN_2449111,Joseph Adeyemi,Cornelius Obasanjo,13134144.72,GHS,Ghana,bank transfer,pending,2026-01-29 14:17:21.948019
TXN_9049206,Emmanuel Oshodi,Blessing Adetokunbo,17947582.83,NGN,South Africa,mobile money,pending,2026-02-11 23:32:10.935251
TXN_9955244,James Adetokunbo,Esther Chukwu,1135858.72,NGN,Nigeria,card,failed,2025-07-27 11:01:22.013407
TXN_4759378,Philip Nnamani,Mark Balogun,15952624.1,ZAR,Ghana,mobile money,failed,2024-10-21 09:10:14.151989
TXN_3884157,Patience Okafor,Joseph Ekwueme,18393483.69,USD,Nigeria,bank transfer,success,2026-02-21 06:48:02.882668
TXN_1818310,Gloria Okafor,Cornelius Oshodi,19089679.93,USD,United States,card,success,2026-01-12 00:24:18.025912
TXN_5023055,Paul Chukwu,Faith Adetokunbo,13572302.56,USD,South Africa,mobile money,pending,2024-10-20 10:18:43.996960
TXN_6329855,Ruth Uche,Nathaniel Obasanjo,8480778.42,KES,Kenya,card,success,2025-01-06 09:52:24.823285
TXN_8885762,Paul Uche,Samuel Akinwale,19876529.25,NGN,Nigeria,card,success,2024-11-08 16:52:22.533382
TXN_3036920,John Nnamani,Faith Olawale,13535327.54,GHS,United States,bank transfer,failed,2024-10-28 04:09:22.702498
TXN_9953134,Emmanuel Oyekan,Andrew Obasanjo,829080.59,ZAR,Kenya,card,failed,2025-03-19 12:47:37.103779
TXN_8893760,Faith Olawale,Ruth Eze,18801984.38,KES,Kenya,mobile money,success,2026-05-07 02:31:00.717020
TXN_1487222,Nathaniel Ekwueme,Gloria Nnamani,11768721.66,KES,Kenya,card,pending,2026-01-23 18:11:01.602686
TXN_4495917,Joseph Balogun,Ruth Okafor,6283377.4,NGN,Nigeria,bank transfer,pending,2025-11-15 09:00:49.183874
TXN_8133363,Emmanuel Okafor,Benjamin Obasanjo,945698.49,ZAR,United States,bank transfer,pending,2024-10-25 04:33:59.969492
TXN_3556755,Faith Adeyemi,Joseph Akinwale,5322654.33,NGN,Nigeria,card,pending,2026-06-25 22:08:15.748487
TXN_9747938,John Eze,Grace Okafor,13817965.76,GHS,United States,bank transfer,failed,2025-07-15 16:20:46.316304
TXN_3373726,Peace Obasanjo,Mary Uche,12449838.86,ZAR,Ghana,mobile money,pending,2026-06-13 19:23:29.543084
TXN_9236128,Stephen Ogunleye,Emmanuel Oyekan,1420101.35,NGN,United States,bank transfer,failed,2025-08-10 02:43:40.026846
TXN_1176418,Charity Chukwu,Joshua Uche,19931293.29,NGN,Nigeria,mobile money,pending,2025-12-10 22:55:43.977994
TXN_9230907,Faith Ojo,Peter Ekwueme,16610471.82,NGN,Nigeria,bank transfer,failed,2025-07-30 11:36:06.470753
TXN_1662664,Andrew Abiola,John Olawale,6490434.35,GHS,Ghana,card,success,2024-11-22 20:38:59.044180
TXN_8327109,Juliet Oyekan,Faith Ojo,14658893.33,NGN,South Africa,mobile money,pending,2026-06-15 19:28:37.510621
TXN_4072393,Esther Ekwueme,Deborah Ekwueme,19420367.11,USD,United States,mobile money,pending,2026-01-01 04:54:19.639960
TXN_7895931,Peter Obasanjo,Daniel Ojo,16083023.65,GHS,Ghana,card,success,2024-12-22 00:58:30.349266
TXN_2855909,Elizabeth Adetokunbo,Joseph Eze,4857360.81,NGN,Nigeria,mobile money,pending,2025-07-19 04:47:34.120553
TXN_2803391,Simon Ekwueme,Mark Okafor,17485556.55,USD,United States,bank transfer,failed,2025-07-19 22:36:03.481095
TXN_6542426,Charity Ojo,Mark Oyekan,11476805.07,ZAR,South Africa,card,success,2026-04-11 01:25:16.544693
TXN_6110313,Juliet Balogun,Grace Eze,16311664.49,KES,Kenya,card,success,2026-02-04 05:21:13.090320
TXN_9683999,Emmanuel Ojo,Joy Ogunleye,2493566.91,USD,United States,card,success,2025-07-15 02:21:46.957258
TXN_4585738,Stephen Okonkwo,Elizabeth Ojo,12580137.57,USD,South Africa,card,success,2025-11-10 06:47:59.151071
TXN_6438021,Patience Uche,Emmanuel Uche,7192923.28,NGN,Nigeria,bank transfer,success,2025-01-03 05:12:26.189354
TXN_4693954,Paul Chukwu,Patience Ojo,7395245.49,KES,Kenya,mobile money,failed,2024-10-20 18:59:01.320754
TXN_3232760,Sarah Obi,Agnes Abiola,7086690.75,KES,Ghana,mobile money,success,2025-03-10 00:22:24.599090
TXN_5774665,Victoria Ibrahim,Juliet Akinwale,12495639.87,GHS,Ghana,mobile money,success,2025-03-13 21:56:13.975485
TXN_2409304,Ruth Obi,Mary Uche,12660308.5,NGN,Nigeria,bank transfer,failed,2026-09-11 00:50:16.142749
TXN_1219110,Blessing Uche,Andrew Olawale,14597805.54,GHS,Ghana,card,success,2024-12-18 13:17:32.878504
TXN_1145314,Blessing Uche,Michael Adeyemi,7316733.2,USD,Ghana,card,success,2026-05-13 19:22:41.987403
TXN_1804724,Patience Olawale,Benjamin Uche,3320848.94,KES,Kenya,card,success,2025-05-13 12:27:57.679996
TXN_5132620,Simon Eze,Gabriel Abiola,19165990.26,NGN,Nigeria,bank transfer,pending,2025-01-02 17:34:14.991587
TXN_6491417,Samuel Adetokunbo,Elizabeth Balogun,14077078.74,KES,South Africa,mobile money,pending,2026-08-08 01:36:12.114226
TXN_5539666,Simon Chukwu,Blessing Oyekan,6447926.31,USD,United States,mobile money,pending,2025-04-25 09:10:56.979382
TXN_6040862,Juliet Balogun,James Abiola,3241133.03,ZAR,Kenya,card,success,2025-10-26 01:11:03.694393
TXN_5702113,Victoria Okafor,Comfort Oshodi,15843647.18,NGN,Nigeria,card,success,2025-04-26 21:56:14.253231
TXN_8059937,John Obi,Peace Nnamani,1660096.57,USD,United States,card,pending,2024-12-17 20:33:15.187471
TXN_6759270,Ruth Ojo,Gabriel Ibrahim,6135514.99,ZAR,South Africa,bank transfer,failed,2026-02-16 07:08:33.389452
TXN_2204439,Patience Akinwale,Joseph Oyekan,16115763.75,USD,Kenya,bank transfer,pending,2025-01-13 17:42:20.277077
TXN_2345823,Gloria Okonkwo,Sarah Okafor,18885898.53,GHS,Ghana,bank transfer,pending,2025-11-02 18:40:44.472260
TXN_7452694,Cornelius Okafor,Gloria Oyekan,1594304.6,NGN,United States,card,success,2026-05-14 23:31:41.842331
TXN_3480543,Elizabeth Ogunleye,Grace Olawale,11902952.68,GHS,Ghana,bank transfer,success,2026-08-11 14:55:21.699735
TXN_3661370,Paul Ogunleye,James Eze,19490422.09,ZAR,South Africa,card,failed,2025-03-23 03:28:20.356751
TXN_6133913,Patience Uche,Mark Ojo,15443619.98,NGN,Ghana,mobile money,failed,2025-08-15 14:06:19.437360
TXN_4424190,Joy Akinwale,Nathaniel Obasanjo,12578674.86,USD,United States,card,pending,2026-01-24 17:22:21.261276
TXN_8858143,Nathaniel Adetokunbo,Elizabeth Eze,12969880.45,GHS,Ghana,bank transfer,success,2026-07-19 00:47:03.094335
TXN_6428869,Mark Uche,Angela Olawale,597697.44,KES,Ghana,bank transfer,success,2025-12-21 03:29:59.872780
TXN_6197943,Philip Obi,Peter Olawale,10102523.9,USD,United States,mobile money,success,2025-03-09 16:49:13.181655
TXN_6466655,Philip Okafor,Mark Chukwu,17587889.65,KES,Kenya,bank transfer,pending,2026-07-09 09:47:07.422261
TXN_6292268,James Ogunleye,Grace Oshodi,13833647.05,KES,Kenya,mobile money,success,2026-08-23 07:59:04.552231
TXN_8615458,Michael Chukwu,David Olawale,11423205.37,KES,Kenya,mobile money,success,2025-02-10 16:11:09.511753
TXN_3336589,Angela Ibrahim,Sarah Adeyemi,9933645.81,KES,Kenya,mobile money,failed,2024-12-13 11:32:55.249872
TXN_3559745,James Akinwale,Joshua Uche,17505769.0,GHS,Ghana,card,failed,2025-05-14 21:07:48.505572
TXN_9295824,Mark Ojo,Faith Oshodi,9911964.6,USD,United States,card,success,2026-02-07 01:42:12.105436
TXN_3192965,Victoria Olawale,Emmanuel Obasanjo,18644222.91,ZAR,United States,mobile money,failed,2025-10-12 22:11:42.923113
TXN_6663594,Stephen Akinwale,Joshua Obi,11228978.89,GHS,United States,mobile money,pending,2026-08-29 19:14:21.410475
TXN_7041171,Hope Uche,Faith Adetokunbo,14287056.91,NGN,Kenya,card,failed,2026-05-06 10:57:34.276416
TXN_9493169,Gabriel Ibrahim,Emmanuel Obi,18899018.8,ZAR,South Africa,mobile money,failed,2024-11-14 18:09:33.133673
TXN_7042008,Joshua Akinwale,Deborah Chukwu,17033904.05,GHS,Ghana,mobile money,failed,2026-02-01 18:51:57.459152
TXN_3975284,Samuel Ibrahim,Comfort Ibrahim,17327113.18,NGN,Ghana,mobile money,success,2026-09-10 06:35:57.703099
TXN_4552789,Angela Okafor,Joseph Adetokunbo,2101071.89,GHS,Ghana,bank transfer,failed,2026-06-19 19:17:48.490719
TXN_8594309,Peace Akinwale,Grace Ibrahim,3446967.01,GHS,Ghana,bank transfer,success,2026-01-05 12:15:58.159296
TXN_3560560,Comfort Obasanjo,Hope Olawale,2625863.46,GHS,United States,card,success,2025-10-27 20:23:45.131510
TXN_8500741,Agnes Obi,Peace Abiola,11890525.84,GHS,Ghana,card,pending,2025-07-13 18:03:17.563601
TXN_7488790,John Ibrahim,Peace Oyekan,15444223.97,NGN,Ghana,bank transfer,failed,2025-06-12 02:10:52.234109
TXN_5729603,Faith Ibrahim,Stephen Obi,15994629.05,ZAR,South Africa,card,pending,2025-01-31 17:02:08.005599
TXN_5647563,Joseph Adeyemi,Gloria Akinwale,6394474.68,NGN,Nigeria,card,success,2026-07-04 07:15:09.887475
TXN_5413084,Michael Okafor,Sarah Oshodi,5988864.77,ZAR,South Africa,bank transfer,failed,2024-10-27 11:09:41.207621
TXN_4764543,Gloria Oshodi,Elizabeth Olawale,2565576.47,NGN,South Africa,mobile money,pending,2025-02-22 06:01:20.744047
TXN_2901334,Mary Obi,Hope Balogun,8444799.92,ZAR,Ghana,card,pending,2025-08-10 19:31:03.173478
TXN_9512110,Patience Balogun,Paul Ibrahim,12894788.68,USD,United States,mobile money,pending,2024-10-10 04:23:39.050223
TXN_6952440,Juliet Uche,Deborah Ogunleye,11730889.59,KES,Kenya,bank transfer,failed,2025-01-22 17:41:45.587958
TXN_5892044,Joy Ogunleye,Deborah Obi,1684356.96,ZAR,United States,bank transfer,failed,2025-04-15 14:30:29.943164
TXN_3313648,Benjamin Okonkwo,Joseph Eze,4384962.74,GHS,Ghana,bank transfer,pending,2025-08-02 16:39:51.846254
TXN_4058728,Daniel Ekwueme,Comfort Eze,415309.75,ZAR,South Africa,card,success,2026-08-08 22:39:01.118147
TXN_9808346,Paul Abiola,David Ekwueme,256680.43,USD,United States,card,success,2025-06-28 11:24:41.935477
TXN_7744059,Peace Eze,Agnes Okafor,169460.83,NGN,Nigeria,card,failed,2024-10-18 13:16:14.371497
TXN_7766344,Peter Nnamani,Gabriel Okonkwo,12904049.53,KES,Ghana,card,failed,2025-08-28 16:19:25.809982
TXN_3422055,Michael Olawale,David Olawale,17840672.04,USD,United States,card,pending,2025-03-13 14:18:04.062749
TXN_2361488,Comfort Chukwu,James Ojo,14115042.56,USD,United States,card,failed,2025-08-22 00:32:41.952703
TXN_7999072,Mary Oshodi,Comfort Nnamani,19487159.02,ZAR,South Africa,bank transfer,pending,2026-08-07 12:00:22.284764
TXN_4216351,Philip Ogunleye,James Oshodi,5839341.91,KES,Kenya,card,failed,2025-11-17 06:06:53.891897
TXN_9703299,Michael Balogun,Sarah Okafor,1232506.71,KES,Kenya,mobile money,pending,2025-04-23 18:08:43.711820
TXN_7585121,Paul Oyekan,Comfort Balogun,7504381.34,NGN,Nigeria,bank transfer,pending,2026-03-31 02:16:57.081196
TXN_4839370,Samuel Okafor,Elizabeth Okonkwo,10146837.16,KES,Kenya,card,failed,2026-04-08 09:50:17.418288
TXN_4558001,Hope Akinwale,Angela Ekwueme,19827563.99,KES,Kenya,card,success,2025-11-15 01:14:00.430852
TXN_3584175,Joy Olawale,Daniel Oshodi,8393944.0,GHS,Ghana,card,failed,2025-12-20 05:43:55.229732
TXN_8547099,David Nnamani,Gabriel Adeyemi,15992140.99,USD,United States,card,success,2025-05-13 22:50:42.745936
TXN_8380288,Ruth Adeyemi,Patience Okafor,8161942.3,NGN,Nigeria,bank transfer,failed,2026-04-28 02:07:32.109436
TXN_7290165,Simon Ogunleye,Gabriel Ibrahim,16141504.61,KES,Kenya,card,success,2025-08-20 05:19:47.205943
TXN_5202076,Juliet Obasanjo,Victoria Eze,19415408.5,KES,Kenya,card,success,2026-04-15 13:28:36.976297
TXN_9892405,Mark Obi,Esther Abiola,2075233.55,ZAR,South Africa,mobile money,success,2025-08-21 23:00:06.921661
TXN_1712973,Blessing Olawale,Joshua Adeyemi,10623486.28,NGN,Nigeria,bank transfer,pending,2025-08-14 10:15:24.282430
TXN_2982927,Charity Okafor,Paul Ibrahim,9714147.44,ZAR,South Africa,card,failed,2025-12-22 20:55:37.860775
TXN_4891624,Mary Ojo,Gabriel Obasanjo,7199630.65,GHS,Ghana,card,failed,2025-02-14 00:18:48.029868
TXN_6791101,Gabriel Ojo,Daniel Okafor,13600269.59,USD,United States,mobile money,success,2025-03-16 06:50:10.708693
TXN_1940412,Faith Oyekan,Juliet Adeyemi,18252576.19,ZAR,Nigeria,card,failed,2026-07-13 17:51:26.199929
TXN_1779731,John Oyekan,Gabriel Ojo,13953240.17,USD,United States,mobile money,pending,2026-05-17 01:55:15.453368
TXN_6608834,Joseph Obi,Juliet Uche,6311216.57,GHS,South Africa,card,success,2026-01-26 18:55:41.850754
TXN_2549162,James Olawale,Joseph Okonkwo,8580740.34,KES,Kenya,card,success,2025-03-10 20:44:27.749711
TXN_9936906,John Akinwale,Peace Ibrahim,18011003.56,ZAR,South Africa,mobile money,success,2025-11-13 19:05:45.491717
TXN_5852414,Philip Chukwu,Grace Adetokunbo,15404518.15,NGN,Nigeria,mobile money,pending,2025-03-10 11:25:33.212308
TXN_2630120,Blessing Uche,Elizabeth Nnamani,9791618.35,KES,Kenya,card,failed,2026-05-06 03:27:06.016711
TXN_3244144,Charity Adetokunbo,Esther Uche,4331704.54,USD,Nigeria,mobile money,success,2024-12-18 00:45:59.563790
TXN_3281551,Joy Ibrahim,Stephen Oshodi,16859100.52,USD,United States,card,failed,2026-07-01 07:05:52.791517
TXN_4726601,Elizabeth Ibrahim,Mary Ogunleye,10640612.92,NGN,United States,bank transfer,success,2025-10-17 19:28:07.694806
TXN_6455830,Esther Oyekan,Stephen Oyekan,17451569.02,GHS,Ghana,mobile money,pending,2024-10-10 03:19:08.718385
TXN_6874093,Hope Obi,Patience Oyekan,16401407.64,KES,Ghana,bank transfer,success,2026-02-08 20:26:48.368344
TXN_9838041,Gabriel Okafor,Stephen Adeyemi,10200960.47,ZAR,South Africa,bank transfer,success,2026-08-31 02:43:24.989362
TXN_8001479,Patience Abiola,Hope Olawale,2565613.57,USD,Kenya,mobile money,failed,2026-04-12 02:26:40.944869
TXN_5692344,Joseph Abiola,Stephen Obi,13152668.77,USD,United States,card,pending,2025-12-10 05:24:13.940788
TXN_4772950,Stephen Adetokunbo,Stephen Oyekan,6239099.45,NGN,Kenya,mobile money,pending,2025-01-03 13:22:35.548616
TXN_7990949,Joshua Eze,John Ogunleye,829872.56,KES,Kenya,card,failed,2025-07-12 08:59:47.177255
TXN_2056497,Mark Olawale,Michael Ogunleye,17908868.52,USD,United States,card,success,2024-12-24 21:53:06.331977
TXN_6581070,Patience Oyekan,Mary Okafor,4853185.95,KES,Kenya,mobile money,success,2025-07-23 13:24:51.721416
TXN_8021838,Hope Akinwale,Ruth Adetokunbo,9604332.65,KES,Kenya,mobile money,failed,2025-08-16 22:35:04.482534
TXN_1646729,Patience Ekwueme,Victoria Okafor,18969251.42,ZAR,South Africa,bank transfer,success,2025-03-22 01:41:52.525151
TXN_6542653,Nathaniel Ibrahim,Sarah Adeyemi,12801328.22,KES,Ghana,bank transfer,failed,2025-09-17 06:51:05.975688
TXN_2561054,Elizabeth Ojo,Agnes Eze,19292205.09,GHS,United States,mobile money,failed,2025-06-08 20:52:53.539092
TXN_7202531,Emmanuel Obasanjo,Emmanuel Akinwale,17958252.67,GHS,Ghana,bank transfer,pending,2024-12-27 21:40:55.950832
TXN_5298695,Joshua Ekwueme,Paul Ogunleye,8904523.68,GHS,South Africa,card,failed,2024-11-20 12:27:39.262694
TXN_8514770,Agnes Ojo,Samuel Ibrahim,16825719.11,ZAR,South Africa,bank transfer,success,2025-11-18 15:06:34.618950
TXN_7376224,Agnes Chukwu,Comfort Chukwu,6565214.37,ZAR,South Africa,mobile money,failed,2024-10-24 17:38:23.094547
TXN_4529208,Simon Adetokunbo,Gloria Balogun,17621920.09,GHS,Ghana,bank transfer,success,2025-09-11 14:29:48.557106
TXN_3281274,Paul Adetokunbo,Michael Eze,9514498.95,ZAR,South Africa,card,pending,2025-09-13 03:11:37.593235
TXN_6125870,Mary Okafor,Mark Okafor,4556322.32,NGN,Nigeria,card,pending,2026-03-22 15:10:16.556943
TXN_3327116,Stephen Oyekan,David Oshodi,5105170.1,GHS,Nigeria,mobile money,success,2026-02-15 06:55:19.402560
TXN_1172274,Simon Olawale,Blessing Abiola,9681366.14,USD,United States,card,pending,2024-10-15 03:47:53.612394
TXN_1559215,Comfort Ibrahim,David Akinwale,8066346.52,NGN,South Africa,card,pending,2025-05-22 15:40:01.856469
TXN_2553494,Mark Oshodi,Samuel Balogun,18913900.16,ZAR,South Africa,mobile money,success,2025-09-03 11:39:16.504205
TXN_6397375,Patience Adetokunbo,Simon Balogun,15769364.73,ZAR,South Africa,mobile money,failed,2024-12-05 04:36:29.597565
TXN_6459854,Esther Obi,Juliet Ojo,13693272.71,GHS,Ghana,mobile money,success,2026-03-29 12:55:16.995303
TXN_7006318,Victoria Uche,Peter Akinwale,1792388.65,USD,United States,bank transfer,pending,2024-09-23 11:59:51.024822
TXN_2610125,Stephen Adetokunbo,Patience Obi,17624991.47,USD,United States,card,success,2026-06-25 00:56:28.880260
TXN_5049708,Cornelius Ekwueme,Comfort Eze,11334582.43,KES,Kenya,card,failed,2026-08-02 14:04:07.750958
TXN_7015541,Nathaniel Olawale,Comfort Okafor,1118765.32,NGN,Nigeria,mobile money,failed,2025-07-13 19:45:25.793125
TXN_1026605,Sarah Adetokunbo,Peter Okafor,3337727.38,ZAR,United States,card,pending,2025-04-16 07:21:10.327315
TXN_1754946,Angela Oshodi,Andrew Adetokunbo,15160630.28,KES,Nigeria,mobile money,failed,2026-04-14 05:33:24.286492
TXN_9333059,Peace Olawale,Gabriel Balogun,5558189.17,NGN,Nigeria,mobile money,failed,2026-04-03 00:21:59.595785
TXN_6994799,Samuel Obi,Gloria Chukwu,8932382.9,KES,Kenya,card,pending,2025-06-30 16:39:11.456803
TXN_1988579,Esther Obi,Samuel Obi,9593289.89,NGN,Nigeria,bank transfer,failed,2026-05-05 20:16:20.988982
TXN_8221173,Andrew Oshodi,Gabriel Obi,17558409.37,GHS,Ghana,card,success,2026-08-06 03:37:39.980171
TXN_3049443,Victoria Olawale,Cornelius Oyekan,12267627.77,NGN,Nigeria,card,failed,2026-09-15 03:40:54.263228
TXN_3354631,Daniel Abiola,Daniel Oshodi,8152208.02,USD,United States,bank transfer,failed,2025-11-24 14:11:58.482161
TXN_2301436,Mary Obasanjo,Simon Uche,17115012.65,NGN,Nigeria,mobile money,failed,2025-11-02 00:10:48.510608
TXN_9329097,Benjamin Ibrahim,Esther Ibrahim,10729750.66,ZAR,South Africa,bank transfer,pending,2026-06-11 16:03:09.725586
TXN_4031057,Deborah Ojo,Mark Nnamani,11816821.32,NGN,Nigeria,mobile money,failed,2025-06-05 18:48:23.135917
TXN_5207802,Peace Okonkwo,Hope Nnamani,4833457.93,KES,Kenya,mobile money,success,2025-12-30 23:07:02.294212
TXN_9899430,John Abiola,Blessing Akinwale,8673829.25,NGN,Nigeria,mobile money,success,2026-02-04 05:01:49.130568
TXN_8316080,Sarah Obi,Stephen Chukwu,2162106.37,USD,United States,bank transfer,pending,2026-02-05 00:26:31.994958
TXN_8205748,Simon Balogun,John Abiola,17172490.54,GHS,Ghana,bank transfer,pending,2025-07-09 01:17:57.830286
TXN_8101619,Joseph Ibrahim,Gabriel Abiola,4739442.93,KES,Kenya,card,success,2024-11-22 14:23:10.845194
TXN_2087818,David Okonkwo,Gabriel Okonkwo,5106665.96,NGN,Nigeria,card,failed,2025-06-21 19:55:16.922156
TXN_6399999,Charity Eze,Simon Obasanjo,4033316.24,NGN,Ghana,mobile money,pending,2025-08-16 16:55:34.466406
TXN_9850628,Stephen Balogun,Mary Okafor,3016177.41,NGN,Nigeria,mobile money,failed,2024-12-04 04:44:44.157149
TXN_8840701,Comfort Adetokunbo,Nathaniel Balogun,15836968.65,NGN,Nigeria,bank transfer,failed,2024-11-25 06:11:26.623316
TXN_4393328,Deborah Obasanjo,Andrew Obasanjo,1103777.76,ZAR,South Africa,bank transfer,pending,2025-12-12 11:39:30.298050
TXN_3757908,Charity Eze,Joshua Balogun,7108580.84,USD,South Africa,mobile money,pending,2024-09-25 10:43:38.704684
TXN_1119242,Mary Okonkwo,Paul Ogunleye,4388860.74,NGN,Nigeria,card,pending,2025-12-05 17:12:49.908767
TXN_3711817,Sarah Akinwale,James Adeyemi,10903459.71,USD,United States,mobile money,pending,2025-09-02 09:31:32.281691
TXN_5794403,Joshua Uche,Victoria Chukwu,17755758.27,NGN,United States,mobile money,success,2025-07-14 21:11:08.698588
TXN_1900372,Agnes Okonkwo,Mark Obi,214058.21,GHS,Ghana,bank transfer,pending,2026-08-28 13:19:40.825906
TXN_5228840,Hope Obi,Gabriel Obasanjo,7231443.1,GHS,Ghana,card,failed,2025-11-06 14:39:23.314687
TXN_4413561,Nathaniel Okonkwo,James Ibrahim,10439487.61,GHS,Ghana,mobile money,failed,2025-03-24 07:41:18.897476
TXN_9619031,Hope Ojo,Juliet Ibrahim,10111939.8,NGN,South Africa,bank transfer,failed,2026-06-23 13:29:29.354597
TXN_7466737,Elizabeth Okafor,Joseph Oshodi,104508.54,NGN,Nigeria,bank transfer,failed,2026-02-21 04:10:41.334364
TXN_5921132,Cornelius Chukwu,Agnes Chukwu,8589172.23,NGN,Nigeria,card,success,2024-11-05 06:57:15.148479
TXN_9470403,Samuel Ekwueme,Esther Ogunleye,15778470.22,GHS,Ghana,bank transfer,failed,2026-08-04 02:33:28.364529
TXN_2908474,Joy Balogun,Mark Oyekan,3819792.86,ZAR,South Africa,bank transfer,pending,2025-08-20 18:50:04.080326
TXN_1864393,Benjamin Chukwu,Cornelius Ogunleye,2949272.35,NGN,Nigeria,mobile money,pending,2025-11-16 11:07:39.557738
TXN_3393625,Benjamin Akinwale,Ruth Obasanjo,6090308.53,KES,Kenya,card,failed,2025-09-04 08:32:30.987561
TXN_2069200,Esther Adetokunbo,Peace Olawale,15450024.77,KES,Kenya,card,pending,2026-01-16 18:17:11.642896
TXN_8599614,Esther Abiola,John Ekwueme,9753311.41,GHS,Ghana,mobile money,failed,2025-11-23 23:28:25.533348
TXN_6177594,Gabriel Abiola,Blessing Ogunleye,19316233.26,ZAR,South Africa,mobile money,pending,2025-06-19 16:47:24.821357
TXN_5130836,James Obi,Faith Olawale,12566527.73,GHS,Ghana,bank transfer,failed,2025-10-14 09:06:52.982550
TXN_4346554,Nathaniel Chukwu,Blessing Abiola,12079488.11,NGN,Kenya,card,pending,2025-03-25 20:55:43.938236
TXN_7067532,Gloria Oyekan,Sarah Nnamani,15469934.17,NGN,Nigeria,mobile money,failed,2025-02-20 00:50:47.367104
TXN_9807959,James Adeyemi,David Ekwueme,1855469.4,NGN,South Africa,bank transfer,success,2024-11-08 18:09:53.008296
TXN_8258454,Paul Abiola,Peter Adeyemi,179008.11,NGN,Ghana,mobile money,failed,2024-10-23 04:44:43.565520
TXN_3403177,Ruth Chukwu,Juliet Obi,5635640.9,USD,United States,card,pending,2025-04-01 12:33:58.545249
TXN_7273781,Cornelius Adetokunbo,Mary Balogun,11979097.16,ZAR,Ghana,card,failed,2026-06-26 15:47:27.656965
TXN_9841336,Agnes Okafor,Ruth Uche,15175722.16,KES,Kenya,card,pending,2026-02-14 07:34:06.929338
TXN_6106131,Juliet Okafor,Andrew Adetokunbo,18405871.52,NGN,South Africa,bank transfer,pending,2025-03-14 14:51:08.766514
TXN_3839247,Joshua Ogunleye,Samuel Balogun,2302461.82,KES,Kenya,bank transfer,pending,2026-05-14 00:56:41.843135
TXN_9550105,David Obasanjo,Sarah Oshodi,5991036.83,USD,United States,card,success,2026-03-18 18:03:41.700562
TXN_7846394,Gloria Nnamani,Mark Oshodi,8211733.56,ZAR,South Africa,card,success,2025-07-12 18:37:52.242027
TXN_8556854,Gloria Oyekan,Emmanuel Adeyemi,8425311.23,KES,Kenya,bank transfer,pending,2025-12-24 10:53:00.494263
TXN_9876563,Cornelius Eze,Esther Abiola,7620139.53,KES,Kenya,mobile money,pending,2025-02-08 17:23:21.063238
TXN_6112140,Emmanuel Oshodi,Juliet Obi,12398826.27,NGN,Nigeria,mobile money,failed,2026-09-11 10:50:43.095388
TXN_5291232,Deborah Abiola,Charity Ekwueme,14136032.22,KES,Kenya,mobile money,failed,2024-12-20 15:47:34.782935
TXN_9676286,Charity Eze,Mary Olawale,882313.9,KES,Kenya,mobile money,success,2025-04-27 15:10:37.684675
TXN_7653497,Esther Adetokunbo,Philip Akinwale,15040767.99,USD,Kenya,bank transfer,pending,2026-07-21 02:45:24.330199
TXN_8458558,Faith Okonkwo,Mark Oshodi,15767894.3,ZAR,Ghana,mobile money,failed,2025-02-18 21:45:22.569587
TXN_7453870,Mary Ekwueme,David Ekwueme,15635981.82,GHS,Nigeria,mobile money,success,2026-09-18 08:28:02.784841
TXN_4418642,Philip Olawale,Patience Ogunleye,2049406.41,USD,South Africa,mobile money,pending,2025-03-16 22:15:45.673691
TXN_1143134,Paul Ibrahim,Joseph Abiola,4643506.17,KES,Kenya,card,pending,2024-11-07 04:10:47.647578
TXN_3307037,Faith Obi,Agnes Oyekan,17479490.34,GHS,Ghana,card,pending,2026-04-09 15:59:16.099057
TXN_6085923,Samuel Nnamani,Benjamin Obasanjo,2992033.33,GHS,Nigeria,mobile money,failed,2026-07-19 14:11:13.956223
TXN_3169874,Gabriel Akinwale,Juliet Olawale,6861417.12,ZAR,South Africa,mobile money,pending,2026-08-19 05:48:04.300071
TXN_1207058,Faith Uche,Gabriel Adetokunbo,12797964.26,USD,United States,card,success,2026-02-21 17:09:23.569031
TXN_7079280,Grace Okonkwo,Sarah Ekwueme,1252908.93,ZAR,South Africa,card,pending,2026-08-04 22:17:28.513610
TXN_9501779,Agnes Nnamani,Sarah Okafor,13888479.28,USD,United States,mobile money,success,2025-03-31 01:33:46.182160
TXN_2224468,Joseph Akinwale,Paul Olawale,3129031.82,ZAR,South Africa,bank transfer,success,2025-07-12 23:38:23.846528
TXN_1463995,Juliet Balogun,Charity Uche,495973.59,ZAR,South Africa,mobile money,failed,2025-05-31 06:48:00.572230
TXN_7588763,Agnes Okonkwo,John Balogun,17025957.82,USD,United States,card,pending,2026-04-22 22:59:59.570680
TXN_5738147,Hope Eze,Daniel Okonkwo,14125341.85,GHS,Ghana,mobile money,failed,2025-11-07 09:46:13.051741
TXN_2110126,Joy Chukwu,Simon Ekwueme,17467614.77,KES,United States,card,failed,2025-06-24 16:17:45.174612
TXN_7975628,Philip Abiola,Hope Ekwueme,5192920.91,NGN,Nigeria,bank transfer,pending,2025-08-22 16:44:00.609315
TXN_8637120,Faith Adeyemi,Comfort Ekwueme,427356.48,GHS,Ghana,mobile money,failed,2026-06-29 14:54:58.059943
TXN_9973321,Cornelius Eze,Emmanuel Adeyemi,11772552.9,USD,United States,mobile money,failed,2024-12-27 02:41:46.113627
TXN_9441772,Victoria Adetokunbo,Philip Nnamani,4010592.51,USD,United States,card,pending,2024-12-30 04:32:24.613854
TXN_1836921,Benjamin Oyekan,Peter Obi,15170582.7,GHS,Ghana,mobile money,success,2026-04-19 15:43:18.751334
TXN_2000386,John Ojo,Andrew Olawale,12689426.9,USD,Kenya,mobile money,pending,2026-07-05 13:11:56.996686
TXN_8619314,David Balogun,Angela Eze,10648578.97,KES,Nigeria,bank transfer,pending,2025-11-13 14:40:31.128955
TXN_4473605,Ruth Abiola,Sarah Eze,11616634.24,GHS,Ghana,mobile money,failed,2024-10-04 21:06:55.492202
TXN_2289386,Angela Obi,Elizabeth Ekwueme,4829644.33,GHS,Ghana,mobile money,pending,2025-05-02 18:25:42.861658
TXN_1053371,David Uche,Peter Oshodi,868103.76,NGN,Nigeria,mobile money,failed,2024-11-25 16:02:28.114906
TXN_4153114,Joshua Ogunleye,Comfort Eze,14503480.98,KES,Ghana,mobile money,success,2025-04-19 03:54:43.640583
TXN_3148273,Comfort Akinwale,Esther Obi,16445012.63,ZAR,South Africa,mobile money,failed,2026-06-03 16:53:10.398060
TXN_4912467,Nathaniel Ibrahim,Gabriel Uche,16708600.95,GHS,Ghana,mobile money,success,2026-02-22 03:54:53.421289
TXN_6779685,Philip Olawale,Elizabeth Adeyemi,11710249.49,ZAR,South Africa,bank transfer,success,2025-09-10 12:40:30.974174
TXN_6510887,Michael Oshodi,Charity Adetokunbo,9793269.72,ZAR,South Africa,card,failed,2025-03-29 00:11:53.418158
TXN_8464587,David Balogun,John Oshodi,13683833.52,NGN,Nigeria,bank transfer,pending,2024-10-18 09:09:11.724345
TXN_2998120,Samuel Akinwale,Andrew Ojo,826980.3,USD,United States,mobile money,success,2026-01-29 22:31:38.639421
TXN_1476799,Ruth Uche,Peace Uche,9237298.99,USD,United States,card,failed,2026-08-28 11:34:07.089580
TXN_9606850,Juliet Abiola,Cornelius Oshodi,14879433.94,NGN,Nigeria,bank transfer,failed,2026-08-28 18:36:40.280879
TXN_6622456,Gloria Akinwale,Nathaniel Oyekan,9937218.19,GHS,Kenya,card,failed,2026-04-12 10:38:44.376263
TXN_9462530,Cornelius Ogunleye,Mary Obi,4524639.22,KES,Kenya,bank transfer,success,2026-09-11 11:58:29.068535
TXN_5472892,Victoria Ibrahim,Esther Balogun,19555530.07,USD,United States,card,pending,2026-07-26 17:29:52.663925
TXN_5325434,Grace Ekwueme,Sarah Adetokunbo,6569777.82,NGN,Nigeria,bank transfer,pending,2024-11-02 07:59:33.906836
TXN_2887369,Patience Adetokunbo,Elizabeth Oyekan,8187099.1,ZAR,Kenya,mobile money,pending,2026-04-27 04:41:41.796510
TXN_4728479,Joseph Eze,Charity Adetokunbo,15156660.12,GHS,Ghana,bank transfer,success,2025-05-29 06:41:08.489063
TXN_8780208,Gloria Okafor,Agnes Olawale,11765693.78,ZAR,South Africa,card,success,2026-04-13 10:21:24.928774
TXN_2262832,Grace Ibrahim,Victoria Eze,4541685.18,USD,United States,bank transfer,failed,2024-11-22 02:20:41.831937
TXN_9977642,Sarah Balogun,Andrew Ekwueme,18477367.1,USD,Kenya,bank transfer,pending,2026-09-01 08:55:02.568288
TXN_4602600,Simon Akinwale,Joy Ibrahim,5365092.78,KES,Kenya,bank transfer,success,2026-08-02 15:16:40.011188
TXN_8360743,Mark Obasanjo,Charity Uche,526842.12,NGN,United States,bank transfer,failed,2025-01-28 09:25:48.329654
TXN_2265403,Joy Adetokunbo,Charity Ekwueme,7730115.49,GHS,Nigeria,card,pending,2025-05-04 01:43:41.602570
TXN_9097671,Juliet Chukwu,Peter Obasanjo,5446269.7,NGN,Nigeria,card,failed,2025-08-17 11:02:23.983620
TXN_2102888,Elizabeth Ibrahim,Sarah Ogunleye,2107937.67,USD,United States,bank transfer,pending,2025-04-22 04:48:49.633004
TXN_7125145,David Eze,Cornelius Ekwueme,5580359.62,USD,United States,card,success,2026-06-22 13:24:11.592422
TXN_4675605,Faith Nnamani,Mary Okafor,12465746.1,USD,United States,mobile money,failed,2025-12-17 11:35:11.396019
TXN_3218601,Gabriel Adeyemi,Peter Adetokunbo,17700909.21,NGN,Nigeria,mobile money,pending,2024-10-13 03:44:22.408163
TXN_2605299,Mary Adeyemi,Faith Nnamani,644200.72,ZAR,South Africa,bank transfer,success,2026-03-20 00:48:03.203596
TXN_7724753,Charity Obi,Patience Oshodi,6182884.47,NGN,United States,mobile money,failed,2026-03-22 21:29:47.651052
TXN_5296984,Joseph Okafor,Cornelius Adetokunbo,9209996.15,NGN,Nigeria,mobile money,success,2025-03-10 20:26:48.418116
TXN_7991664,Peter Balogun,Deborah Abiola,19508155.77,NGN,Nigeria,bank transfer,failed,2025-07-07 00:43:15.635725
TXN_5895676,Emmanuel Obasanjo,Patience Adeyemi,17059229.54,KES,United States,bank transfer,success,2025-10-03 11:32:27.964909
TXN_1221544,Cornelius Balogun,Angela Adeyemi,11362965.93,USD,Kenya,mobile money,success,2026-04-08 06:41:24.522550
TXN_3635765,Gabriel Okafor,Charity Balogun,10509296.28,USD,United States,card,pending,2025-05-20 18:59:15.635867
TXN_2294622,David Olawale,Mary Akinwale,6563416.72,GHS,Ghana,mobile money,failed,2025-12-28 05:06:02.228076
TXN_5985187,Charity Oyekan,Mark Nnamani,15842327.9,USD,United States,bank transfer,failed,2026-04-13 03:51:13.409028
TXN_8190312,Angela Oyekan,Gabriel Akinwale,15797687.61,GHS,Ghana,bank transfer,success,2026-07-26 12:43:11.627157
TXN_7533511,Andrew Nnamani,Joshua Oyekan,6921539.25,KES,Ghana,card,failed,2025-04-15 00:21:07.482430
TXN_5354811,Joseph Oshodi,Joy Abiola,6976892.54,ZAR,South Africa,card,pending,2026-05-26 07:00:53.628538
TXN_2706419,Samuel Eze,Charity Okonkwo,13774337.23,ZAR,Kenya,mobile money,failed,2026-03-01 13:00:52.637985
TXN_2685589,Patience Chukwu,Blessing Ojo,14392209.14,ZAR,South Africa,card,success,2024-10-31 21:31:12.633513
TXN_4501035,Elizabeth Abiola,Faith Eze,13571251.52,ZAR,Kenya,bank transfer,failed,2025-04-08 21:26:27.360855
TXN_3855814,Simon Abiola,Peter Ogunleye,19805470.23,GHS,Ghana,mobile money,failed,2026-07-17 16:40:53.834071
TXN_1145782,Gloria Abiola,Peace Akinwale,4911658.81,KES,Kenya,bank transfer,failed,2025-04-27 23:55:59.498784
TXN_8131079,Faith Olawale,Daniel Abiola,14018036.77,KES,Nigeria,bank transfer,success,2025-02-15 22:02:35.080800
TXN_7372787,Blessing Eze,Ruth Nnamani,2901798.84,GHS,Ghana,card,success,2026-05-19 17:29:18.021570
TXN_9345768,John Okafor,Blessing Akinwale,19865259.06,NGN,Nigeria,bank transfer,pending,2026-07-03 06:13:27.307742
TXN_8657899,Daniel Ojo,Benjamin Akinwale,2495079.57,GHS,Ghana,card,success,2026-02-11 07:57:49.271289
TXN_7489748,Faith Ibrahim,Patience Okonkwo,11662463.99,USD,United States,card,pending,2025-02-20 18:53:50.088799
TXN_1759003,Samuel Adeyemi,Gabriel Adeyemi,39981.3,NGN,United States,bank transfer,pending,2025-07-06 16:00:56.131830
TXN_9107778,Charity Okonkwo,Grace Ekwueme,16096362.44,USD,United States,card,success,2025-06-22 20:09:32.493645
TXN_6674829,Agnes Olawale,Simon Olawale,13778806.7,USD,Ghana,bank transfer,success,2025-03-28 13:07:14.451831
TXN_5247463,James Adeyemi,Benjamin Ogunleye,73414.02,USD,United States,card,failed,2026-09-01 12:04:15.037393
TXN_4511770,Emmanuel Akinwale,Deborah Okafor,10871841.78,GHS,Ghana,bank transfer,pending,2025-07-14 17:04:12.209533
TXN_6662820,Peter Ogunleye,Patience Oyekan,19913305.48,USD,United States,card,success,2025-04-04 17:35:56.701597
TXN_9451205,Gabriel Ibrahim,Andrew Obasanjo,3541679.63,NGN,Nigeria,card,success,2026-09-17 14:06:10.768323
TXN_5500430,Patience Ibrahim,Angela Adeyemi,11205033.61,ZAR,South Africa,mobile money,pending,2025-01-18 21:56:49.737021
TXN_2155401,Benjamin Olawale,Hope Olawale,16428359.9,NGN,United States,mobile money,success,2025-09-25 19:04:40.573931
TXN_6012832,Joshua Olawale,Blessing Adeyemi,3099307.05,NGN,Nigeria,bank transfer,failed,2025-11-25 00:25:56.294448
TXN_1554948,Patience Obi,Paul Olawale,14075124.56,GHS,Ghana,card,pending,2025-12-19 22:19:52.241971
TXN_4056758,Stephen Oshodi,Patience Obi,14851538.32,KES,Kenya,card,failed,2025-01-24 16:27:20.366527
TXN_3302372,Nathaniel Eze,Charity Olawale,2319657.03,USD,United States,mobile money,failed,2026-05-17 17:20:27.539257
TXN_9225746,Gloria Adeyemi,Juliet Balogun,520603.26,KES,Kenya,mobile money,failed,2025-10-04 22:08:23.478390
TXN_2473889,Esther Olawale,Emmanuel Obi,7199787.41,ZAR,South Africa,bank transfer,success,2024-12-11 00:25:20.989923
TXN_7377058,Cornelius Okonkwo,John Abiola,1291413.21,USD,United States,bank transfer,success,2025-06-03 14:15:01.472227
TXN_6755584,Comfort Akinwale,Patience Okafor,15981343.36,NGN,Nigeria,card,failed,2026-07-30 10:46:50.194322
TXN_2568313,Mary Chukwu,Hope Oshodi,3392544.96,ZAR,South Africa,mobile money,pending,2025-02-03 11:31:03.130385
TXN_1337730,Elizabeth Oyekan,Joy Adeyemi,18485704.59,KES,Kenya,mobile money,failed,2025-02-02 03:13:35.391817
TXN_1449179,Samuel Balogun,Gabriel Chukwu,12358821.07,GHS,Ghana,bank transfer,failed,2026-01-01 19:07:13.786292
TXN_9532845,Juliet Olawale,Daniel Okonkwo,17803729.85,USD,United States,mobile money,success,2026-06-22 07:50:33.609856
TXN_9422291,Stephen Nnamani,Deborah Olawale,5805844.3,NGN,Nigeria,mobile money,pending,2025-07-29 22:15:12.769362
TXN_9812644,Angela Adeyemi,Joy Uche,15000198.19,ZAR,South Africa,mobile money,success,2025-06-11 06:38:10.418508
TXN_2953513,Nathaniel Nnamani,Ruth Akinwale,11173824.32,KES,Kenya,card,pending,2026-01-27 04:24:20.887540
TXN_1601168,Juliet Obasanjo,Daniel Eze,16349211.17,GHS,Ghana,mobile money,pending,2026-07-25 20:37:13.527320
TXN_8987270,Mark Ekwueme,Sarah Obasanjo,17119424.07,USD,South Africa,mobile money,pending,2026-02-22 06:56:42.697299
TXN_1346898,Mark Ekwueme,Elizabeth Ojo,14091413.58,USD,United States,card,pending,2025-09-21 02:52:52.831973
TXN_2387438,Daniel Olawale,Emmanuel Chukwu,3573691.91,NGN,Nigeria,bank transfer,pending,2025-01-08 21:02:19.771593
TXN_6092119,Charity Okafor,Agnes Okafor,4862332.53,KES,Kenya,card,failed,2025-11-24 05:11:20.026442
TXN_3427813,Mark Ibrahim,Cornelius Ekwueme,18278172.02,ZAR,South Africa,mobile money,failed,2025-01-07 17:39:30.223344
TXN_4662018,Andrew Ogunleye,Sarah Abiola,19943469.14,USD,Ghana,mobile money,success,2025-07-25 00:34:45.645012
TXN_4157669,Elizabeth Uche,Charity Uche,5442278.79,ZAR,South Africa,mobile money,failed,2026-04-05 08:02:58.184974
TXN_2558603,David Obi,Philip Eze,9948026.67,GHS,Ghana,bank transfer,success,2025-03-19 03:05:06.172880
TXN_4433071,James Abiola,Cornelius Obi,16352333.42,NGN,Nigeria,bank transfer,success,2026-07-10 18:40:29.727627
TXN_2125317,Michael Nnamani,Blessing Nnamani,11625348.27,USD,United States,bank transfer,pending,2025-06-12 03:22:20.734715
TXN_4987786,Esther Ekwueme,John Ojo,19858.76,NGN,South Africa,mobile money,success,2024-10-29 00:09:46.599519
TXN_8355235,Benjamin Balogun,Sarah Obasanjo,17204342.46,KES,United States,card,pending,2026-05-20 22:48:29.757451
TXN_2807607,Comfort Oyekan,Elizabeth Okafor,15629417.68,USD,United States,card,success,2025-04-13 09:37:55.800069
TXN_8317283,Hope Okonkwo,Faith Ojo,1644923.18,GHS,Ghana,bank transfer,pending,2025-11-24 07:57:28.831226
TXN_1145391,Simon Ibrahim,Grace Uche,2422835.09,KES,Kenya,card,failed,2025-03-16 09:33:29.785314
TXN_6463180,Philip Nnamani,Cornelius Nnamani,5560030.11,KES,Nigeria,bank transfer,success,2025-03-11 00:03:38.823350
TXN_7717127,Philip Okafor,Joshua Okafor,1648471.64,GHS,Ghana,mobile money,success,2025-10-26 04:08:24.844263
TXN_2566010,Mark Oyekan,John Okonkwo,4872748.2,ZAR,South Africa,mobile money,failed,2024-11-26 23:22:27.677383
TXN_5195837,John Ogunleye,Simon Ibrahim,1454501.9,KES,Kenya,bank transfer,success,2026-03-15 16:23:02.006008
TXN_7441610,Nathaniel Obi,Paul Nnamani,657324.68,KES,Kenya,card,pending,2026-08-11 12:12:07.083503
TXN_3350564,David Ogunleye,Gloria Obasanjo,2852419.23,NGN,Nigeria,card,pending,2026-06-11 12:27:17.549787
TXN_8100359,Patience Ojo,Mark Akinwale,19938921.03,NGN,Ghana,mobile money,failed,2026-08-15 07:12:51.729559
TXN_4661240,Sarah Okonkwo,Philip Obi,4512086.2,KES,Kenya,card,failed,2026-08-02 03:03:20.092201
TXN_9811199,Joseph Adeyemi,Sarah Okafor,2974239.4,USD,United States,bank transfer,failed,2026-02-08 09:05:52.777134
TXN_3791991,Agnes Adeyemi,Samuel Obasanjo,11233005.04,KES,Nigeria,bank transfer,pending,2025-09-03 23:09:50.979089
TXN_7235056,Blessing Adetokunbo,Angela Ogunleye,3055610.95,KES,Kenya,mobile money,success,2026-01-02 05:12:34.336815
TXN_1119888,Gloria Adeyemi,Agnes Ibrahim,1338846.51,NGN,Nigeria,card,pending,2026-08-01 05:18:21.651490
TXN_4260699,Victoria Ekwueme,Samuel Ogunleye,696370.36,USD,United States,card,pending,2025-02-16 18:55:20.385896
TXN_1451712,Agnes Akinwale,Cornelius Adetokunbo,7009412.61,NGN,South Africa,mobile money,failed,2026-06-09 05:29:33.886652
TXN_7759116,Philip Eze,Benjamin Uche,6226727.33,NGN,Nigeria,card,failed,2025-12-07 12:19:16.071862
TXN_8296551,David Adeyemi,Joseph Adeyemi,3021295.51,ZAR,South Africa,card,success,2025-06-11 20:36:59.990946
TXN_2288150,Cornelius Olawale,Victoria Olawale,3411738.44,USD,United States,mobile money,failed,2026-01-17 18:35:01.475618
TXN_3674250,Emmanuel Olawale,Daniel Okafor,380696.87,NGN,Kenya,card,pending,2025-09-22 06:13:55.487159
TXN_7056449,Elizabeth Adeyemi,David Chukwu,19422306.06,USD,Nigeria,mobile money,success,2024-11-26 06:39:57.743425
TXN_7933179,Deborah Obasanjo,Sarah Okafor,4479854.75,GHS,Ghana,card,failed,2024-10-03 00:24:33.524770
TXN_1788361,Agnes Adeyemi,Joshua Okonkwo,2961888.8,KES,Kenya,card,pending,2025-01-10 03:33:18.281752
TXN_8446939,Philip Ibrahim,Gloria Ojo,19357938.55,GHS,Ghana,bank transfer,success,2025-10-15 04:07:17.984006
TXN_2391707,Peter Olawale,Gabriel Ibrahim,18855385.02,USD,United States,card,success,2025-07-14 13:43:40.743447
TXN_8931049,Angela Ekwueme,Blessing Balogun,13570899.42,NGN,Ghana,mobile money,success,2026-03-19 14:53:24.609517
TXN_4429395,Agnes Eze,Grace Ojo,19715002.21,ZAR,Kenya,bank transfer,pending,2025-06-19 17:31:20.231944
TXN_9853818,Joshua Balogun,Stephen Olawale,15233852.84,USD,United States,mobile money,success,2026-06-29 15:31:02.342065
TXN_6044157,Ruth Oshodi,Samuel Uche,11816800.73,KES,Kenya,mobile money,failed,2025-09-09 06:35:56.917740
TXN_4819050,Deborah Ogunleye,Joseph Olawale,11669639.98,ZAR,South Africa,bank transfer,success,2026-01-26 05:39:29.820168
TXN_9874422,Andrew Uche,Patience Uche,3353593.64,ZAR,South Africa,bank transfer,pending,2025-04-23 16:56:51.953136
TXN_1990971,Mark Ogunleye,Elizabeth Akinwale,8549986.09,KES,Kenya,card,pending,2026-01-27 14:38:46.449790
TXN_9104870,Cornelius Abiola,Agnes Olawale,6423688.48,USD,United States,card,success,2025-02-16 23:52:51.844739
TXN_6405080,Joshua Ibrahim,Hope Okonkwo,5648778.42,USD,United States,bank transfer,failed,2026-05-20 13:37:15.646307
TXN_5026381,Charity Uche,Juliet Uche,17246104.18,GHS,South Africa,card,failed,2025-04-25 02:49:12.234512
TXN_9688214,Juliet Ibrahim,James Balogun,10396321.62,ZAR,South Africa,card,success,2024-12-04 10:14:59.649600
TXN_9724456,Philip Adeyemi,Esther Okonkwo,6056309.59,ZAR,Ghana,card,pending,2025-03-26 17:46:37.660534
TXN_6859378,James Ekwueme,Samuel Olawale,2169461.85,USD,United States,bank transfer,success,2025-07-22 18:26:15.348433
TXN_7864463,Joy Abiola,Paul Ojo,12445889.76,NGN,Nigeria,bank transfer,success,2025-06-07 22:21:36.031290
TXN_9702309,Esther Okafor,Faith Okafor,8635073.22,USD,United States,card,failed,2026-02-28 11:37:24.867778
TXN_5508446,Grace Obi,Agnes Chukwu,12558885.9,NGN,Nigeria,mobile money,success,2025-12-11 10:05:51.581860
TXN_1258409,Gloria Okafor,Gabriel Oyekan,87577.27,NGN,Nigeria,bank transfer,pending,2026-05-01 03:18:16.633145
TXN_6479378,Charity Akinwale,Gabriel Ojo,4351122.14,ZAR,South Africa,mobile money,failed,2026-03-27 20:09:18.656620
TXN_6376803,Gabriel Obi,Emmanuel Eze,6228467.04,NGN,Nigeria,card,pending,2026-04-15 13:05:25.818401
TXN_1950075,Deborah Oshodi,Elizabeth Akinwale,15923570.17,USD,Ghana,bank transfer,failed,2025-03-18 04:53:54.816694
TXN_1763286,Gabriel Balogun,Gloria Eze,16406758.77,NGN,Nigeria,card,success,2025-02-15 18:35:19.228303
TXN_6126445,Andrew Olawale,Michael Olawale,8126908.97,KES,Kenya,bank transfer,failed,2026-09-08 07:57:15.462020
TXN_7596336,Paul Ojo,Esther Olawale,7589142.78,ZAR,Nigeria,card,success,2026-09-01 05:26:06.558986
TXN_6724305,Hope Okafor,John Ogunleye,16930103.71,NGN,Nigeria,card,failed,2026-05-20 00:50:53.150624
TXN_7060603,Stephen Ogunleye,Joy Obi,12667055.32,ZAR,South Africa,card,pending,2025-05-28 04:11:39.902290
TXN_1652113,Daniel Ekwueme,Joy Olawale,13370956.56,ZAR,South Africa,card,success,2024-12-02 09:38:18.121378
TXN_8284566,Peace Olawale,David Ekwueme,13608755.73,GHS,Ghana,mobile money,failed,2025-06-09 01:44:57.373368
TXN_9993680,Gloria Ibrahim,Juliet Olawale,17732374.91,GHS,Ghana,bank transfer,failed,2025-12-12 04:20:44.840918
TXN_1209258,Patience Uche,Stephen Adetokunbo,19168438.76,KES,Kenya,card,success,2026-02-05 07:39:07.339177
TXN_3207548,Gabriel Obasanjo,Gabriel Olawale,7554511.52,GHS,Ghana,bank transfer,failed,2024-10-11 12:42:55.387475
TXN_5483497,Charity Adeyemi,Mary Ojo,5173296.14,ZAR,South Africa,mobile money,pending,2025-10-29 20:31:49.997689
TXN_1725173,Gabriel Akinwale,Hope Akinwale,4159595.51,ZAR,South Africa,bank transfer,failed,2025-12-28 14:57:26.686316
TXN_4914791,Ruth Olawale,Emmanuel Adeyemi,2721774.72,KES,Kenya,card,success,2025-06-13 01:58:03.613144
TXN_3711214,Cornelius Okonkwo,Elizabeth Ogunleye,11669304.28,NGN,Nigeria,card,pending,2026-08-23 01:32:19.612583
TXN_3253457,Elizabeth Olawale,Grace Okonkwo,12080923.18,USD,Kenya,card,pending,2025-03-02 20:01:32.464438
TXN_3706659,Samuel Nnamani,Faith Olawale,16849716.84,NGN,Nigeria,bank transfer,success,2026-07-27 16:08:07.036915
TXN_7660912,Joseph Eze,Andrew Uche,19979067.9,KES,Kenya,card,failed,2026-06-15 14:47:54.050714
TXN_1358453,Hope Ibrahim,Grace Ekwueme,1056362.09,KES,Kenya,mobile money,failed,2026-04-14 05:44:14.446727
TXN_2594700,Philip Uche,Grace Obasanjo,1276158.39,KES,Kenya,bank transfer,success,2026-08-07 12:55:53.625557
TXN_5474284,Emmanuel Eze,Joseph Uche,8561215.17,GHS,Ghana,bank transfer,failed,2025-08-24 23:02:18.190737
TXN_9479665,Peace Balogun,Gloria Oshodi,19676456.03,USD,United States,bank transfer,pending,2025-07-16 23:20:35.927606
TXN_1013124,Emmanuel Oshodi,Samuel Oshodi,4554359.67,ZAR,South Africa,card,pending,2025-10-11 09:47:27.230887
TXN_6721182,Andrew Okafor,Grace Uche,6615320.69,ZAR,South Africa,mobile money,pending,2026-03-16 03:23:17.744464
TXN_3333548,Angela Obi,Peace Adetokunbo,17695133.59,ZAR,South Africa,bank transfer,pending,2025-11-09 01:50:35.630044
TXN_1017519,Peace Ogunleye,Michael Okonkwo,9839854.2,NGN,Nigeria,card,failed,2026-09-01 00:01:12.596857
TXN_3373330,Joshua Ibrahim,Mark Akinwale,12418933.2,GHS,Ghana,mobile money,success,2025-03-25 23:47:09.931464
TXN_4644045,Joshua Nnamani,Charity Oshodi,12274796.82,GHS,Ghana,card,success,2026-01-18 03:31:34.948933
TXN_8908665,Hope Obasanjo,Nathaniel Akinwale,4910890.01,USD,United States,mobile money,failed,2025-07-28 09:46:12.480313
TXN_8872638,Mark Oyekan,Stephen Obi,13566422.8,NGN,South Africa,mobile money,failed,2026-03-22 03:54:09.581426
TXN_3437769,Michael Oshodi,James Ojo,9173522.34,ZAR,Nigeria,card,pending,2025-01-13 07:54:55.716585
TXN_7885188,Ruth Adetokunbo,Daniel Eze,18274232.61,USD,Kenya,card,pending,2026-08-03 09:34:23.056351
TXN_6094885,Deborah Obi,Deborah Abiola,15488664.61,KES,Kenya,mobile money,pending,2026-06-03 08:59:00.837260
TXN_3610651,Cornelius Eze,Agnes Eze,8143216.45,USD,South Africa,mobile money,success,2025-04-19 13:39:10.476580
TXN_3982713,Joy Olawale,Mary Olawale,1863869.28,KES,Ghana,mobile money,failed,2025-09-03 20:00:00.064137
TXN_9889932,Faith Eze,Patience Ibrahim,8653923.88,USD,United States,bank transfer,pending,2024-10-31 05:00:10.104187
TXN_8781064,Michael Oyekan,Gloria Ogunleye,12322439.38,USD,United States,mobile money,failed,2025-06-08 16:20:35.883038
TXN_9497024,Ruth Nnamani,Elizabeth Abiola,6357611.86,ZAR,South Africa,card,pending,2025-10-20 11:43:48.343139
TXN_4112749,David Abiola,Grace Oyekan,19462770.15,GHS,Kenya,card,success,2024-10-13 19:25:41.747231
TXN_6241196,Benjamin Obasanjo,Michael Obasanjo,1981506.04,GHS,Kenya,card,success,2025-01-17 02:33:49.172353
TXN_4953106,Simon Oyekan,Sarah Akinwale,11442860.02,GHS,South Africa,bank transfer,failed,2025-08-29 02:05:57.510072
TXN_9977432,David Obi,Ruth Obi,3410755.23,ZAR,South Africa,mobile money,pending,2024-10-30 13:29:51.908882
TXN_7847880,Comfort Chukwu,Philip Akinwale,9687374.24,NGN,Nigeria,bank transfer,pending,2025-06-05 18:55:51.728262
TXN_2834134,Gabriel Abiola,Ruth Ibrahim,2090554.15,ZAR,South Africa,bank transfer,failed,2024-09-30 02:22:24.834251
TXN_5449229,Samuel Oshodi,Mark Balogun,7691386.79,KES,Kenya,bank transfer,failed,2025-08-26 12:34:20.023434
TXN_1584084,Joseph Nnamani,Benjamin Chukwu,16255775.67,NGN,Nigeria,bank transfer,pending,2025-06-28 19:57:13.873682
TXN_2741786,David Olawale,Mary Oyekan,10083145.26,USD,United States,bank transfer,failed,2025-05-10 23:01:50.657325
TXN_1553504,Peter Chukwu,Sarah Oshodi,5360993.32,USD,Kenya,mobile money,pending,2025-04-19 11:04:11.472547
TXN_8655459,Joseph Obi,Andrew Oshodi,12461640.32,NGN,Nigeria,card,success,2025-02-10 00:34:55.033550
TXN_8165768,Agnes Obasanjo,Elizabeth Eze,18663193.13,NGN,Nigeria,bank transfer,success,2024-11-01 01:14:34.118549
TXN_9458838,Blessing Chukwu,Sarah Eze,6376586.76,ZAR,South Africa,mobile money,pending,2025-07-24 01:36:05.431616
TXN_7675042,Cornelius Oyekan,Faith Okonkwo,6860483.83,ZAR,South Africa,bank transfer,failed,2025-05-14 13:51:26.161682
TXN_6178405,Angela Obi,Peace Eze,4581502.97,NGN,Nigeria,mobile money,pending,2025-04-08 23:39:42.384308
TXN_7379795,Hope Ojo,Gloria Oyekan,940025.04,NGN,Nigeria,bank transfer,failed,2024-10-25 21:47:06.902133
TXN_3520192,Deborah Okonkwo,Esther Abiola,2066719.33,ZAR,South Africa,card,failed,2026-04-11 02:00:15.462053
TXN_4650785,Simon Oyekan,Joseph Ekwueme,18269586.05,GHS,Ghana,card,success,2026-01-06 07:11:37.391418
TXN_7405908,Daniel Obasanjo,Esther Ojo,13950997.06,NGN,Nigeria,bank transfer,failed,2024-12-11 01:31:49.872884
TXN_9674346,Joseph Olawale,Daniel Ibrahim,9400983.5,GHS,Ghana,mobile money,success,2025-01-03 04:33:53.382254
TXN_1576205,Agnes Uche,Stephen Okonkwo,12577903.41,USD,Nigeria,bank transfer,pending,2025-07-14 05:52:12.589135
TXN_6117388,Samuel Ojo,Michael Ogunleye,7646025.38,KES,South Africa,bank transfer,success,2026-07-27 19:57:40.836638
TXN_2862275,John Ojo,Gloria Ibrahim,16154135.26,KES,South Africa,bank transfer,pending,2025-09-20 02:59:59.122543
TXN_2422962,Simon Ojo,Daniel Oshodi,623422.36,USD,United States,card,pending,2025-09-29 19:57:19.415883
TXN_5595682,Joy Ojo,Faith Ogunleye,7294087.03,NGN,Nigeria,bank transfer,pending,2025-09-14 12:11:35.246321
TXN_1843933,Samuel Okafor,Comfort Chukwu,7335743.33,GHS,Ghana,mobile money,failed,2025-12-27 08:07:18.654769
TXN_7290523,Patience Ibrahim,Stephen Obi,17084490.75,USD,United States,mobile money,success,2025-11-03 03:56:42.186977
TXN_6295712,Joshua Abiola,Mark Ibrahim,9938149.66,GHS,Ghana,card,failed,2025-03-14 22:23:42.599689
TXN_2926326,Emmanuel Oshodi,Samuel Oyekan,12202099.95,NGN,Nigeria,mobile money,pending,2025-07-08 14:26:04.436029
TXN_3552738,Sarah Ibrahim,Gloria Chukwu,15590255.09,NGN,Nigeria,bank transfer,failed,2025-03-18 19:25:05.888705
TXN_6432279,Blessing Okafor,David Okonkwo,13697882.41,KES,Kenya,bank transfer,pending,2025-06-02 01:20:30.504171
TXN_3103384,Benjamin Adetokunbo,Blessing Ogunleye,15205096.27,ZAR,South Africa,mobile money,success,2024-12-09 19:25:29.470598
TXN_1886085,Andrew Balogun,Charity Akinwale,7211087.94,GHS,Ghana,bank transfer,pending,2026-04-01 16:36:35.981506
TXN_5151121,Victoria Obasanjo,Joseph Olawale,1785677.56,USD,United States,card,pending,2025-08-24 13:23:41.844416
TXN_9385590,Agnes Nnamani,Charity Eze,14627646.74,USD,South Africa,mobile money,pending,2025-01-30 11:38:53.481369
TXN_6397236,Daniel Adeyemi,Grace Okonkwo,3722569.2,KES,Kenya,mobile money,success,2025-07-24 07:06:57.656091
TXN_6164995,Faith Uche,Philip Adeyemi,4566693.28,NGN,Nigeria,card,failed,2026-04-27 11:25:31.499404
TXN_8773097,Comfort Ogunleye,Stephen Ogunleye,5665945.08,KES,South Africa,bank transfer,pending,2025-12-18 09:59:53.091488
TXN_7467073,Nathaniel Oyekan,Benjamin Abiola,7991758.97,GHS,Kenya,bank transfer,pending,2025-04-21 20:40:02.606307
TXN_1985455,Peter Ogunleye,Faith Nnamani,7739512.06,NGN,United States,bank transfer,pending,2024-11-28 21:01:13.336164
TXN_8246935,Andrew Ogunleye,Juliet Chukwu,8149575.23,ZAR,South Africa,mobile money,failed,2026-02-04 11:31:58.575998
TXN_7430325,Deborah Obi,Joshua Olawale,10059334.86,KES,Kenya,card,pending,2025-04-10 17:47:16.936342
